decision_id,snapshot_decision_id,canonical_key,jurisdiction,country,central_bank,central_bank_code,decision_authority,instrument,instrument_code,record_type,date_semantics,decision_date,effective_date,year,month,policy_rate_pct,policy_rate_bps,previous_policy_rate_pct,previous_policy_rate_bps,change_bps,action,stance,is_rate_change,decision_summary,regime_id,regime_type,regime_label,primary_source_id,primary_source_type,primary_source_title,primary_source_url,primary_source_published_at,primary_source_retrieved_at,primary_source_checksum,source_ids,source_count,provenance_class,verification_status,snapshot_id,snapshot_checksum,snapshot_retrieved_at,dataset_schema_version,record_text
decision-IN-RBI-policy_repo_rate-2000-06-05,decision-2000-06-05-reuters,IN:RBI:policy_repo_rate:2000-06-05,IN,India,Reserve Bank of India,RBI,,Repo Rate,policy_repo_rate,historical_rate_observation,historical_rate_observation_date,,2000-06-05,2000,6,9.05,905,,,0,initial,,false,Historical rate observation: policy repo rate 9.05%; no previous canonical rate.,regime-2000-06-05-2003-08-25-easing,easing,Post-dot-com easing,source-reuters-historical-2025,historical-rate-series,Reuters — Changes to India's repo rate since June 2000,https://www.reuters.com/world/india/changes-indias-repo-rate-since-june-2000-2025-12-05/,2025-12-05T00:00:00.000000Z,2026-08-14T10:24:42.000000Z,sha256:74557e9615be4bfa54c049e2f334bce4c5116a20e651aea2f2598cf57dfd5ae3,"[""source-reuters-historical-2025""]",1,legacy_import,historical_legacy_source,2026-08-14-v2,sha256:7c54caa01180d3018077a174f2239df9e221e520c61a31d952d6b152a16d3c26,2026-08-14T07:35:45.400000Z,1.0.0,"On 2000-06-05, the Reserve Bank of India historical policy repo-rate series first records 9.05%; no previous canonical rate is available."
decision-IN-RBI-policy_repo_rate-2000-06-07,decision-2000-06-07-reuters,IN:RBI:policy_repo_rate:2000-06-07,IN,India,Reserve Bank of India,RBI,,Repo Rate,policy_repo_rate,historical_rate_observation,historical_rate_observation_date,,2000-06-07,2000,6,9.0,900,9.05,905,-5,cut,,true,Historical rate observation: policy repo rate 9.00%; change -5 bps; action cut.,regime-2000-06-05-2003-08-25-easing,easing,Post-dot-com easing,source-reuters-historical-2025,historical-rate-series,Reuters — Changes to India's repo rate since June 2000,https://www.reuters.com/world/india/changes-indias-repo-rate-since-june-2000-2025-12-05/,2025-12-05T00:00:00.000000Z,2026-08-14T10:24:42.000000Z,sha256:74557e9615be4bfa54c049e2f334bce4c5116a20e651aea2f2598cf57dfd5ae3,"[""source-reuters-historical-2025""]",1,legacy_import,historical_legacy_source,2026-08-14-v2,sha256:7c54caa01180d3018077a174f2239df9e221e520c61a31d952d6b152a16d3c26,2026-08-14T07:35:45.400000Z,1.0.0,"On 2000-06-07, the Reserve Bank of India historical policy repo-rate series records the policy repo rate at 9.00%, a change of -5 basis points from the previous canonical record. The canonical action is cut."
decision-IN-RBI-policy_repo_rate-2000-06-09,decision-2000-06-09-reuters,IN:RBI:policy_repo_rate:2000-06-09,IN,India,Reserve Bank of India,RBI,,Repo Rate,policy_repo_rate,historical_rate_observation,historical_rate_observation_date,,2000-06-09,2000,6,9.05,905,9.0,900,5,hike,,true,Historical rate observation: policy repo rate 9.05%; change +5 bps; action hike.,regime-2000-06-05-2003-08-25-easing,easing,Post-dot-com easing,source-reuters-historical-2025,historical-rate-series,Reuters — Changes to India's repo rate since June 2000,https://www.reuters.com/world/india/changes-indias-repo-rate-since-june-2000-2025-12-05/,2025-12-05T00:00:00.000000Z,2026-08-14T10:24:42.000000Z,sha256:74557e9615be4bfa54c049e2f334bce4c5116a20e651aea2f2598cf57dfd5ae3,"[""source-reuters-historical-2025""]",1,legacy_import,historical_legacy_source,2026-08-14-v2,sha256:7c54caa01180d3018077a174f2239df9e221e520c61a31d952d6b152a16d3c26,2026-08-14T07:35:45.400000Z,1.0.0,"On 2000-06-09, the Reserve Bank of India historical policy repo-rate series records the policy repo rate at 9.05%, a change of +5 basis points from the previous canonical record. The canonical action is hike."
decision-IN-RBI-policy_repo_rate-2000-06-12,decision-2000-06-12-reuters,IN:RBI:policy_repo_rate:2000-06-12,IN,India,Reserve Bank of India,RBI,,Repo Rate,policy_repo_rate,historical_rate_observation,historical_rate_observation_date,,2000-06-12,2000,6,9.25,925,9.05,905,20,hike,,true,Historical rate observation: policy repo rate 9.25%; change +20 bps; action hike.,regime-2000-06-05-2003-08-25-easing,easing,Post-dot-com easing,source-reuters-historical-2025,historical-rate-series,Reuters — Changes to India's repo rate since June 2000,https://www.reuters.com/world/india/changes-indias-repo-rate-since-june-2000-2025-12-05/,2025-12-05T00:00:00.000000Z,2026-08-14T10:24:42.000000Z,sha256:74557e9615be4bfa54c049e2f334bce4c5116a20e651aea2f2598cf57dfd5ae3,"[""source-reuters-historical-2025""]",1,legacy_import,historical_legacy_source,2026-08-14-v2,sha256:7c54caa01180d3018077a174f2239df9e221e520c61a31d952d6b152a16d3c26,2026-08-14T07:35:45.400000Z,1.0.0,"On 2000-06-12, the Reserve Bank of India historical policy repo-rate series records the policy repo rate at 9.25%, a change of +20 basis points from the previous canonical record. The canonical action is hike."
decision-IN-RBI-policy_repo_rate-2000-06-13,decision-2000-06-13-reuters,IN:RBI:policy_repo_rate:2000-06-13,IN,India,Reserve Bank of India,RBI,,Repo Rate,policy_repo_rate,historical_rate_observation,historical_rate_observation_date,,2000-06-13,2000,6,9.55,955,9.25,925,30,hike,,true,Historical rate observation: policy repo rate 9.55%; change +30 bps; action hike.,regime-2000-06-05-2003-08-25-easing,easing,Post-dot-com easing,source-reuters-historical-2025,historical-rate-series,Reuters — Changes to India's repo rate since June 2000,https://www.reuters.com/world/india/changes-indias-repo-rate-since-june-2000-2025-12-05/,2025-12-05T00:00:00.000000Z,2026-08-14T10:24:42.000000Z,sha256:74557e9615be4bfa54c049e2f334bce4c5116a20e651aea2f2598cf57dfd5ae3,"[""source-reuters-historical-2025""]",1,legacy_import,historical_legacy_source,2026-08-14-v2,sha256:7c54caa01180d3018077a174f2239df9e221e520c61a31d952d6b152a16d3c26,2026-08-14T07:35:45.400000Z,1.0.0,"On 2000-06-13, the Reserve Bank of India historical policy repo-rate series records the policy repo rate at 9.55%, a change of +30 basis points from the previous canonical record. The canonical action is hike."
decision-IN-RBI-policy_repo_rate-2000-06-14,decision-2000-06-14-reuters,IN:RBI:policy_repo_rate:2000-06-14,IN,India,Reserve Bank of India,RBI,,Repo Rate,policy_repo_rate,historical_rate_observation,historical_rate_observation_date,,2000-06-14,2000,6,10.85,1085,9.55,955,130,hike,,true,Historical rate observation: policy repo rate 10.85%; change +130 bps; action hike.,regime-2000-06-05-2003-08-25-easing,easing,Post-dot-com easing,source-reuters-historical-2025,historical-rate-series,Reuters — Changes to India's repo rate since June 2000,https://www.reuters.com/world/india/changes-indias-repo-rate-since-june-2000-2025-12-05/,2025-12-05T00:00:00.000000Z,2026-08-14T10:24:42.000000Z,sha256:74557e9615be4bfa54c049e2f334bce4c5116a20e651aea2f2598cf57dfd5ae3,"[""source-reuters-historical-2025""]",1,legacy_import,historical_legacy_source,2026-08-14-v2,sha256:7c54caa01180d3018077a174f2239df9e221e520c61a31d952d6b152a16d3c26,2026-08-14T07:35:45.400000Z,1.0.0,"On 2000-06-14, the Reserve Bank of India historical policy repo-rate series records the policy repo rate at 10.85%, a change of +130 basis points from the previous canonical record. The canonical action is hike."
decision-IN-RBI-policy_repo_rate-2000-06-19,decision-2000-06-19-reuters,IN:RBI:policy_repo_rate:2000-06-19,IN,India,Reserve Bank of India,RBI,,Repo Rate,policy_repo_rate,historical_rate_observation,historical_rate_observation_date,,2000-06-19,2000,6,13.5,1350,10.85,1085,265,hike,,true,Historical rate observation: policy repo rate 13.50%; change +265 bps; action hike.,regime-2000-06-05-2003-08-25-easing,easing,Post-dot-com easing,source-reuters-historical-2025,historical-rate-series,Reuters — Changes to India's repo rate since June 2000,https://www.reuters.com/world/india/changes-indias-repo-rate-since-june-2000-2025-12-05/,2025-12-05T00:00:00.000000Z,2026-08-14T10:24:42.000000Z,sha256:74557e9615be4bfa54c049e2f334bce4c5116a20e651aea2f2598cf57dfd5ae3,"[""source-reuters-historical-2025""]",1,legacy_import,historical_legacy_source,2026-08-14-v2,sha256:7c54caa01180d3018077a174f2239df9e221e520c61a31d952d6b152a16d3c26,2026-08-14T07:35:45.400000Z,1.0.0,"On 2000-06-19, the Reserve Bank of India historical policy repo-rate series records the policy repo rate at 13.50%, a change of +265 basis points from the previous canonical record. The canonical action is hike."
decision-IN-RBI-policy_repo_rate-2000-06-20,decision-2000-06-20-reuters,IN:RBI:policy_repo_rate:2000-06-20,IN,India,Reserve Bank of India,RBI,,Repo Rate,policy_repo_rate,historical_rate_observation,historical_rate_observation_date,,2000-06-20,2000,6,14.0,1400,13.5,1350,50,hike,,true,Historical rate observation: policy repo rate 14.00%; change +50 bps; action hike.,regime-2000-06-05-2003-08-25-easing,easing,Post-dot-com easing,source-reuters-historical-2025,historical-rate-series,Reuters — Changes to India's repo rate since June 2000,https://www.reuters.com/world/india/changes-indias-repo-rate-since-june-2000-2025-12-05/,2025-12-05T00:00:00.000000Z,2026-08-14T10:24:42.000000Z,sha256:74557e9615be4bfa54c049e2f334bce4c5116a20e651aea2f2598cf57dfd5ae3,"[""source-reuters-historical-2025""]",1,legacy_import,historical_legacy_source,2026-08-14-v2,sha256:7c54caa01180d3018077a174f2239df9e221e520c61a31d952d6b152a16d3c26,2026-08-14T07:35:45.400000Z,1.0.0,"On 2000-06-20, the Reserve Bank of India historical policy repo-rate series records the policy repo rate at 14.00%, a change of +50 basis points from the previous canonical record. The canonical action is hike."
decision-IN-RBI-policy_repo_rate-2000-06-21,decision-2000-06-21-reuters,IN:RBI:policy_repo_rate:2000-06-21,IN,India,Reserve Bank of India,RBI,,Repo Rate,policy_repo_rate,historical_rate_observation,historical_rate_observation_date,,2000-06-21,2000,6,13.5,1350,14.0,1400,-50,cut,,true,Historical rate observation: policy repo rate 13.50%; change -50 bps; action cut.,regime-2000-06-05-2003-08-25-easing,easing,Post-dot-com easing,source-reuters-historical-2025,historical-rate-series,Reuters — Changes to India's repo rate since June 2000,https://www.reuters.com/world/india/changes-indias-repo-rate-since-june-2000-2025-12-05/,2025-12-05T00:00:00.000000Z,2026-08-14T10:24:42.000000Z,sha256:74557e9615be4bfa54c049e2f334bce4c5116a20e651aea2f2598cf57dfd5ae3,"[""source-reuters-historical-2025""]",1,legacy_import,historical_legacy_source,2026-08-14-v2,sha256:7c54caa01180d3018077a174f2239df9e221e520c61a31d952d6b152a16d3c26,2026-08-14T07:35:45.400000Z,1.0.0,"On 2000-06-21, the Reserve Bank of India historical policy repo-rate series records the policy repo rate at 13.50%, a change of -50 basis points from the previous canonical record. The canonical action is cut."
decision-IN-RBI-policy_repo_rate-2000-06-22,decision-2000-06-22-reuters,IN:RBI:policy_repo_rate:2000-06-22,IN,India,Reserve Bank of India,RBI,,Repo Rate,policy_repo_rate,historical_rate_observation,historical_rate_observation_date,,2000-06-22,2000,6,13.0,1300,13.5,1350,-50,cut,,true,Historical rate observation: policy repo rate 13.00%; change -50 bps; action cut.,regime-2000-06-05-2003-08-25-easing,easing,Post-dot-com easing,source-reuters-historical-2025,historical-rate-series,Reuters — Changes to India's repo rate since June 2000,https://www.reuters.com/world/india/changes-indias-repo-rate-since-june-2000-2025-12-05/,2025-12-05T00:00:00.000000Z,2026-08-14T10:24:42.000000Z,sha256:74557e9615be4bfa54c049e2f334bce4c5116a20e651aea2f2598cf57dfd5ae3,"[""source-reuters-historical-2025""]",1,legacy_import,historical_legacy_source,2026-08-14-v2,sha256:7c54caa01180d3018077a174f2239df9e221e520c61a31d952d6b152a16d3c26,2026-08-14T07:35:45.400000Z,1.0.0,"On 2000-06-22, the Reserve Bank of India historical policy repo-rate series records the policy repo rate at 13.00%, a change of -50 basis points from the previous canonical record. The canonical action is cut."
decision-IN-RBI-policy_repo_rate-2000-06-23,decision-2000-06-23-reuters,IN:RBI:policy_repo_rate:2000-06-23,IN,India,Reserve Bank of India,RBI,,Repo Rate,policy_repo_rate,historical_rate_observation,historical_rate_observation_date,,2000-06-23,2000,6,13.05,1305,13.0,1300,5,hike,,true,Historical rate observation: policy repo rate 13.05%; change +5 bps; action hike.,regime-2000-06-05-2003-08-25-easing,easing,Post-dot-com easing,source-reuters-historical-2025,historical-rate-series,Reuters — Changes to India's repo rate since June 2000,https://www.reuters.com/world/india/changes-indias-repo-rate-since-june-2000-2025-12-05/,2025-12-05T00:00:00.000000Z,2026-08-14T10:24:42.000000Z,sha256:74557e9615be4bfa54c049e2f334bce4c5116a20e651aea2f2598cf57dfd5ae3,"[""source-reuters-historical-2025""]",1,legacy_import,historical_legacy_source,2026-08-14-v2,sha256:7c54caa01180d3018077a174f2239df9e221e520c61a31d952d6b152a16d3c26,2026-08-14T07:35:45.400000Z,1.0.0,"On 2000-06-23, the Reserve Bank of India historical policy repo-rate series records the policy repo rate at 13.05%, a change of +5 basis points from the previous canonical record. The canonical action is hike."
decision-IN-RBI-policy_repo_rate-2000-06-27,decision-2000-06-27-reuters,IN:RBI:policy_repo_rate:2000-06-27,IN,India,Reserve Bank of India,RBI,,Repo Rate,policy_repo_rate,historical_rate_observation,historical_rate_observation_date,,2000-06-27,2000,6,12.6,1260,13.05,1305,-45,cut,,true,Historical rate observation: policy repo rate 12.60%; change -45 bps; action cut.,regime-2000-06-05-2003-08-25-easing,easing,Post-dot-com easing,source-reuters-historical-2025,historical-rate-series,Reuters — Changes to India's repo rate since June 2000,https://www.reuters.com/world/india/changes-indias-repo-rate-since-june-2000-2025-12-05/,2025-12-05T00:00:00.000000Z,2026-08-14T10:24:42.000000Z,sha256:74557e9615be4bfa54c049e2f334bce4c5116a20e651aea2f2598cf57dfd5ae3,"[""source-reuters-historical-2025""]",1,legacy_import,historical_legacy_source,2026-08-14-v2,sha256:7c54caa01180d3018077a174f2239df9e221e520c61a31d952d6b152a16d3c26,2026-08-14T07:35:45.400000Z,1.0.0,"On 2000-06-27, the Reserve Bank of India historical policy repo-rate series records the policy repo rate at 12.60%, a change of -45 basis points from the previous canonical record. The canonical action is cut."
decision-IN-RBI-policy_repo_rate-2000-06-28,decision-2000-06-28-reuters,IN:RBI:policy_repo_rate:2000-06-28,IN,India,Reserve Bank of India,RBI,,Repo Rate,policy_repo_rate,historical_rate_observation,historical_rate_observation_date,,2000-06-28,2000,6,12.25,1225,12.6,1260,-35,cut,,true,Historical rate observation: policy repo rate 12.25%; change -35 bps; action cut.,regime-2000-06-05-2003-08-25-easing,easing,Post-dot-com easing,source-reuters-historical-2025,historical-rate-series,Reuters — Changes to India's repo rate since June 2000,https://www.reuters.com/world/india/changes-indias-repo-rate-since-june-2000-2025-12-05/,2025-12-05T00:00:00.000000Z,2026-08-14T10:24:42.000000Z,sha256:74557e9615be4bfa54c049e2f334bce4c5116a20e651aea2f2598cf57dfd5ae3,"[""source-reuters-historical-2025""]",1,legacy_import,historical_legacy_source,2026-08-14-v2,sha256:7c54caa01180d3018077a174f2239df9e221e520c61a31d952d6b152a16d3c26,2026-08-14T07:35:45.400000Z,1.0.0,"On 2000-06-28, the Reserve Bank of India historical policy repo-rate series records the policy repo rate at 12.25%, a change of -35 basis points from the previous canonical record. The canonical action is cut."
decision-IN-RBI-policy_repo_rate-2000-07-13,decision-2000-07-13-reuters,IN:RBI:policy_repo_rate:2000-07-13,IN,India,Reserve Bank of India,RBI,,Repo Rate,policy_repo_rate,historical_rate_observation,historical_rate_observation_date,,2000-07-13,2000,7,9.0,900,12.25,1225,-325,cut,,true,Historical rate observation: policy repo rate 9.00%; change -325 bps; action cut.,regime-2000-06-05-2003-08-25-easing,easing,Post-dot-com easing,source-reuters-historical-2025,historical-rate-series,Reuters — Changes to India's repo rate since June 2000,https://www.reuters.com/world/india/changes-indias-repo-rate-since-june-2000-2025-12-05/,2025-12-05T00:00:00.000000Z,2026-08-14T10:24:42.000000Z,sha256:74557e9615be4bfa54c049e2f334bce4c5116a20e651aea2f2598cf57dfd5ae3,"[""source-reuters-historical-2025""]",1,legacy_import,historical_legacy_source,2026-08-14-v2,sha256:7c54caa01180d3018077a174f2239df9e221e520c61a31d952d6b152a16d3c26,2026-08-14T07:35:45.400000Z,1.0.0,"On 2000-07-13, the Reserve Bank of India historical policy repo-rate series records the policy repo rate at 9.00%, a change of -325 basis points from the previous canonical record. The canonical action is cut."
decision-IN-RBI-policy_repo_rate-2000-07-21,decision-2000-07-21-reuters,IN:RBI:policy_repo_rate:2000-07-21,IN,India,Reserve Bank of India,RBI,,Repo Rate,policy_repo_rate,historical_rate_observation,historical_rate_observation_date,,2000-07-21,2000,7,10.0,1000,9.0,900,100,hike,,true,Historical rate observation: policy repo rate 10.00%; change +100 bps; action hike.,regime-2000-06-05-2003-08-25-easing,easing,Post-dot-com easing,source-reuters-historical-2025,historical-rate-series,Reuters — Changes to India's repo rate since June 2000,https://www.reuters.com/world/india/changes-indias-repo-rate-since-june-2000-2025-12-05/,2025-12-05T00:00:00.000000Z,2026-08-14T10:24:42.000000Z,sha256:74557e9615be4bfa54c049e2f334bce4c5116a20e651aea2f2598cf57dfd5ae3,"[""source-reuters-historical-2025""]",1,legacy_import,historical_legacy_source,2026-08-14-v2,sha256:7c54caa01180d3018077a174f2239df9e221e520c61a31d952d6b152a16d3c26,2026-08-14T07:35:45.400000Z,1.0.0,"On 2000-07-21, the Reserve Bank of India historical policy repo-rate series records the policy repo rate at 10.00%, a change of +100 basis points from the previous canonical record. The canonical action is hike."
decision-IN-RBI-policy_repo_rate-2000-08-09,decision-2000-08-09-reuters,IN:RBI:policy_repo_rate:2000-08-09,IN,India,Reserve Bank of India,RBI,,Repo Rate,policy_repo_rate,historical_rate_observation,historical_rate_observation_date,,2000-08-09,2000,8,16.0,1600,10.0,1000,600,hike,,true,Historical rate observation: policy repo rate 16.00%; change +600 bps; action hike.,regime-2000-06-05-2003-08-25-easing,easing,Post-dot-com easing,source-reuters-historical-2025,historical-rate-series,Reuters — Changes to India's repo rate since June 2000,https://www.reuters.com/world/india/changes-indias-repo-rate-since-june-2000-2025-12-05/,2025-12-05T00:00:00.000000Z,2026-08-14T10:24:42.000000Z,sha256:74557e9615be4bfa54c049e2f334bce4c5116a20e651aea2f2598cf57dfd5ae3,"[""source-reuters-historical-2025""]",1,legacy_import,historical_legacy_source,2026-08-14-v2,sha256:7c54caa01180d3018077a174f2239df9e221e520c61a31d952d6b152a16d3c26,2026-08-14T07:35:45.400000Z,1.0.0,"On 2000-08-09, the Reserve Bank of India historical policy repo-rate series records the policy repo rate at 16.00%, a change of +600 basis points from the previous canonical record. The canonical action is hike."
decision-IN-RBI-policy_repo_rate-2000-08-30,decision-2000-08-30-reuters,IN:RBI:policy_repo_rate:2000-08-30,IN,India,Reserve Bank of India,RBI,,Repo Rate,policy_repo_rate,historical_rate_observation,historical_rate_observation_date,,2000-08-30,2000,8,15.0,1500,16.0,1600,-100,cut,,true,Historical rate observation: policy repo rate 15.00%; change -100 bps; action cut.,regime-2000-06-05-2003-08-25-easing,easing,Post-dot-com easing,source-reuters-historical-2025,historical-rate-series,Reuters — Changes to India's repo rate since June 2000,https://www.reuters.com/world/india/changes-indias-repo-rate-since-june-2000-2025-12-05/,2025-12-05T00:00:00.000000Z,2026-08-14T10:24:42.000000Z,sha256:74557e9615be4bfa54c049e2f334bce4c5116a20e651aea2f2598cf57dfd5ae3,"[""source-reuters-historical-2025""]",1,legacy_import,historical_legacy_source,2026-08-14-v2,sha256:7c54caa01180d3018077a174f2239df9e221e520c61a31d952d6b152a16d3c26,2026-08-14T07:35:45.400000Z,1.0.0,"On 2000-08-30, the Reserve Bank of India historical policy repo-rate series records the policy repo rate at 15.00%, a change of -100 basis points from the previous canonical record. The canonical action is cut."
decision-IN-RBI-policy_repo_rate-2000-09-06,decision-2000-09-06-reuters,IN:RBI:policy_repo_rate:2000-09-06,IN,India,Reserve Bank of India,RBI,,Repo Rate,policy_repo_rate,historical_rate_observation,historical_rate_observation_date,,2000-09-06,2000,9,13.5,1350,15.0,1500,-150,cut,,true,Historical rate observation: policy repo rate 13.50%; change -150 bps; action cut.,regime-2000-06-05-2003-08-25-easing,easing,Post-dot-com easing,source-reuters-historical-2025,historical-rate-series,Reuters — Changes to India's repo rate since June 2000,https://www.reuters.com/world/india/changes-indias-repo-rate-since-june-2000-2025-12-05/,2025-12-05T00:00:00.000000Z,2026-08-14T10:24:42.000000Z,sha256:74557e9615be4bfa54c049e2f334bce4c5116a20e651aea2f2598cf57dfd5ae3,"[""source-reuters-historical-2025""]",1,legacy_import,historical_legacy_source,2026-08-14-v2,sha256:7c54caa01180d3018077a174f2239df9e221e520c61a31d952d6b152a16d3c26,2026-08-14T07:35:45.400000Z,1.0.0,"On 2000-09-06, the Reserve Bank of India historical policy repo-rate series records the policy repo rate at 13.50%, a change of -150 basis points from the previous canonical record. The canonical action is cut."
decision-IN-RBI-policy_repo_rate-2000-10-13,decision-2000-10-13-reuters,IN:RBI:policy_repo_rate:2000-10-13,IN,India,Reserve Bank of India,RBI,,Repo Rate,policy_repo_rate,historical_rate_observation,historical_rate_observation_date,,2000-10-13,2000,10,10.25,1025,13.5,1350,-325,cut,,true,Historical rate observation: policy repo rate 10.25%; change -325 bps; action cut.,regime-2000-06-05-2003-08-25-easing,easing,Post-dot-com easing,source-reuters-historical-2025,historical-rate-series,Reuters — Changes to India's repo rate since June 2000,https://www.reuters.com/world/india/changes-indias-repo-rate-since-june-2000-2025-12-05/,2025-12-05T00:00:00.000000Z,2026-08-14T10:24:42.000000Z,sha256:74557e9615be4bfa54c049e2f334bce4c5116a20e651aea2f2598cf57dfd5ae3,"[""source-reuters-historical-2025""]",1,legacy_import,historical_legacy_source,2026-08-14-v2,sha256:7c54caa01180d3018077a174f2239df9e221e520c61a31d952d6b152a16d3c26,2026-08-14T07:35:45.400000Z,1.0.0,"On 2000-10-13, the Reserve Bank of India historical policy repo-rate series records the policy repo rate at 10.25%, a change of -325 basis points from the previous canonical record. The canonical action is cut."
decision-IN-RBI-policy_repo_rate-2000-11-06,decision-2000-11-06-reuters,IN:RBI:policy_repo_rate:2000-11-06,IN,India,Reserve Bank of India,RBI,,Repo Rate,policy_repo_rate,historical_rate_observation,historical_rate_observation_date,,2000-11-06,2000,11,10.0,1000,10.25,1025,-25,cut,,true,Historical rate observation: policy repo rate 10.00%; change -25 bps; action cut.,regime-2000-06-05-2003-08-25-easing,easing,Post-dot-com easing,source-reuters-historical-2025,historical-rate-series,Reuters — Changes to India's repo rate since June 2000,https://www.reuters.com/world/india/changes-indias-repo-rate-since-june-2000-2025-12-05/,2025-12-05T00:00:00.000000Z,2026-08-14T10:24:42.000000Z,sha256:74557e9615be4bfa54c049e2f334bce4c5116a20e651aea2f2598cf57dfd5ae3,"[""source-reuters-historical-2025""]",1,legacy_import,historical_legacy_source,2026-08-14-v2,sha256:7c54caa01180d3018077a174f2239df9e221e520c61a31d952d6b152a16d3c26,2026-08-14T07:35:45.400000Z,1.0.0,"On 2000-11-06, the Reserve Bank of India historical policy repo-rate series records the policy repo rate at 10.00%, a change of -25 basis points from the previous canonical record. The canonical action is cut."
decision-IN-RBI-policy_repo_rate-2001-03-09,decision-2001-03-09-reuters,IN:RBI:policy_repo_rate:2001-03-09,IN,India,Reserve Bank of India,RBI,,Repo Rate,policy_repo_rate,historical_rate_observation,historical_rate_observation_date,,2001-03-09,2001,3,9.0,900,10.0,1000,-100,cut,,true,Historical rate observation: policy repo rate 9.00%; change -100 bps; action cut.,regime-2000-06-05-2003-08-25-easing,easing,Post-dot-com easing,source-reuters-historical-2025,historical-rate-series,Reuters — Changes to India's repo rate since June 2000,https://www.reuters.com/world/india/changes-indias-repo-rate-since-june-2000-2025-12-05/,2025-12-05T00:00:00.000000Z,2026-08-14T10:24:42.000000Z,sha256:74557e9615be4bfa54c049e2f334bce4c5116a20e651aea2f2598cf57dfd5ae3,"[""source-reuters-historical-2025""]",1,legacy_import,historical_legacy_source,2026-08-14-v2,sha256:7c54caa01180d3018077a174f2239df9e221e520c61a31d952d6b152a16d3c26,2026-08-14T07:35:45.400000Z,1.0.0,"On 2001-03-09, the Reserve Bank of India historical policy repo-rate series records the policy repo rate at 9.00%, a change of -100 basis points from the previous canonical record. The canonical action is cut."
decision-IN-RBI-policy_repo_rate-2001-04-30,decision-2001-04-30-reuters,IN:RBI:policy_repo_rate:2001-04-30,IN,India,Reserve Bank of India,RBI,,Repo Rate,policy_repo_rate,historical_rate_observation,historical_rate_observation_date,,2001-04-30,2001,4,8.75,875,9.0,900,-25,cut,,true,Historical rate observation: policy repo rate 8.75%; change -25 bps; action cut.,regime-2000-06-05-2003-08-25-easing,easing,Post-dot-com easing,source-reuters-historical-2025,historical-rate-series,Reuters — Changes to India's repo rate since June 2000,https://www.reuters.com/world/india/changes-indias-repo-rate-since-june-2000-2025-12-05/,2025-12-05T00:00:00.000000Z,2026-08-14T10:24:42.000000Z,sha256:74557e9615be4bfa54c049e2f334bce4c5116a20e651aea2f2598cf57dfd5ae3,"[""source-reuters-historical-2025""]",1,legacy_import,historical_legacy_source,2026-08-14-v2,sha256:7c54caa01180d3018077a174f2239df9e221e520c61a31d952d6b152a16d3c26,2026-08-14T07:35:45.400000Z,1.0.0,"On 2001-04-30, the Reserve Bank of India historical policy repo-rate series records the policy repo rate at 8.75%, a change of -25 basis points from the previous canonical record. The canonical action is cut."
decision-IN-RBI-policy_repo_rate-2001-06-07,decision-2001-06-07-reuters,IN:RBI:policy_repo_rate:2001-06-07,IN,India,Reserve Bank of India,RBI,,Repo Rate,policy_repo_rate,historical_rate_observation,historical_rate_observation_date,,2001-06-07,2001,6,8.5,850,8.75,875,-25,cut,,true,Historical rate observation: policy repo rate 8.50%; change -25 bps; action cut.,regime-2000-06-05-2003-08-25-easing,easing,Post-dot-com easing,source-reuters-historical-2025,historical-rate-series,Reuters — Changes to India's repo rate since June 2000,https://www.reuters.com/world/india/changes-indias-repo-rate-since-june-2000-2025-12-05/,2025-12-05T00:00:00.000000Z,2026-08-14T10:24:42.000000Z,sha256:74557e9615be4bfa54c049e2f334bce4c5116a20e651aea2f2598cf57dfd5ae3,"[""source-reuters-historical-2025""]",1,legacy_import,historical_legacy_source,2026-08-14-v2,sha256:7c54caa01180d3018077a174f2239df9e221e520c61a31d952d6b152a16d3c26,2026-08-14T07:35:45.400000Z,1.0.0,"On 2001-06-07, the Reserve Bank of India historical policy repo-rate series records the policy repo rate at 8.50%, a change of -25 basis points from the previous canonical record. The canonical action is cut."
decision-IN-RBI-policy_repo_rate-2002-03-28,decision-2002-03-28-reuters,IN:RBI:policy_repo_rate:2002-03-28,IN,India,Reserve Bank of India,RBI,,Repo Rate,policy_repo_rate,historical_rate_observation,historical_rate_observation_date,,2002-03-28,2002,3,8.0,800,8.5,850,-50,cut,,true,Historical rate observation: policy repo rate 8.00%; change -50 bps; action cut.,regime-2000-06-05-2003-08-25-easing,easing,Post-dot-com easing,source-reuters-historical-2025,historical-rate-series,Reuters — Changes to India's repo rate since June 2000,https://www.reuters.com/world/india/changes-indias-repo-rate-since-june-2000-2025-12-05/,2025-12-05T00:00:00.000000Z,2026-08-14T10:24:42.000000Z,sha256:74557e9615be4bfa54c049e2f334bce4c5116a20e651aea2f2598cf57dfd5ae3,"[""source-reuters-historical-2025""]",1,legacy_import,historical_legacy_source,2026-08-14-v2,sha256:7c54caa01180d3018077a174f2239df9e221e520c61a31d952d6b152a16d3c26,2026-08-14T07:35:45.400000Z,1.0.0,"On 2002-03-28, the Reserve Bank of India historical policy repo-rate series records the policy repo rate at 8.00%, a change of -50 basis points from the previous canonical record. The canonical action is cut."
decision-IN-RBI-policy_repo_rate-2002-11-12,decision-2002-11-12-reuters,IN:RBI:policy_repo_rate:2002-11-12,IN,India,Reserve Bank of India,RBI,,Repo Rate,policy_repo_rate,historical_rate_observation,historical_rate_observation_date,,2002-11-12,2002,11,7.5,750,8.0,800,-50,cut,,true,Historical rate observation: policy repo rate 7.50%; change -50 bps; action cut.,regime-2000-06-05-2003-08-25-easing,easing,Post-dot-com easing,source-reuters-historical-2025,historical-rate-series,Reuters — Changes to India's repo rate since June 2000,https://www.reuters.com/world/india/changes-indias-repo-rate-since-june-2000-2025-12-05/,2025-12-05T00:00:00.000000Z,2026-08-14T10:24:42.000000Z,sha256:74557e9615be4bfa54c049e2f334bce4c5116a20e651aea2f2598cf57dfd5ae3,"[""source-reuters-historical-2025""]",1,legacy_import,historical_legacy_source,2026-08-14-v2,sha256:7c54caa01180d3018077a174f2239df9e221e520c61a31d952d6b152a16d3c26,2026-08-14T07:35:45.400000Z,1.0.0,"On 2002-11-12, the Reserve Bank of India historical policy repo-rate series records the policy repo rate at 7.50%, a change of -50 basis points from the previous canonical record. The canonical action is cut."
decision-IN-RBI-policy_repo_rate-2003-03-07,decision-2003-03-07-reuters,IN:RBI:policy_repo_rate:2003-03-07,IN,India,Reserve Bank of India,RBI,,Repo Rate,policy_repo_rate,historical_rate_observation,historical_rate_observation_date,,2003-03-07,2003,3,7.1,710,7.5,750,-40,cut,,true,Historical rate observation: policy repo rate 7.10%; change -40 bps; action cut.,regime-2000-06-05-2003-08-25-easing,easing,Post-dot-com easing,source-reuters-historical-2025,historical-rate-series,Reuters — Changes to India's repo rate since June 2000,https://www.reuters.com/world/india/changes-indias-repo-rate-since-june-2000-2025-12-05/,2025-12-05T00:00:00.000000Z,2026-08-14T10:24:42.000000Z,sha256:74557e9615be4bfa54c049e2f334bce4c5116a20e651aea2f2598cf57dfd5ae3,"[""source-reuters-historical-2025""]",1,legacy_import,historical_legacy_source,2026-08-14-v2,sha256:7c54caa01180d3018077a174f2239df9e221e520c61a31d952d6b152a16d3c26,2026-08-14T07:35:45.400000Z,1.0.0,"On 2003-03-07, the Reserve Bank of India historical policy repo-rate series records the policy repo rate at 7.10%, a change of -40 basis points from the previous canonical record. The canonical action is cut."
decision-IN-RBI-policy_repo_rate-2003-03-19,decision-2003-03-19-reuters,IN:RBI:policy_repo_rate:2003-03-19,IN,India,Reserve Bank of India,RBI,,Repo Rate,policy_repo_rate,historical_rate_observation,historical_rate_observation_date,,2003-03-19,2003,3,7.0,700,7.1,710,-10,cut,,true,Historical rate observation: policy repo rate 7.00%; change -10 bps; action cut.,regime-2000-06-05-2003-08-25-easing,easing,Post-dot-com easing,source-reuters-historical-2025,historical-rate-series,Reuters — Changes to India's repo rate since June 2000,https://www.reuters.com/world/india/changes-indias-repo-rate-since-june-2000-2025-12-05/,2025-12-05T00:00:00.000000Z,2026-08-14T10:24:42.000000Z,sha256:74557e9615be4bfa54c049e2f334bce4c5116a20e651aea2f2598cf57dfd5ae3,"[""source-reuters-historical-2025""]",1,legacy_import,historical_legacy_source,2026-08-14-v2,sha256:7c54caa01180d3018077a174f2239df9e221e520c61a31d952d6b152a16d3c26,2026-08-14T07:35:45.400000Z,1.0.0,"On 2003-03-19, the Reserve Bank of India historical policy repo-rate series records the policy repo rate at 7.00%, a change of -10 basis points from the previous canonical record. The canonical action is cut."
decision-IN-RBI-policy_repo_rate-2004-03-31,decision-2004-03-31-reuters,IN:RBI:policy_repo_rate:2004-03-31,IN,India,Reserve Bank of India,RBI,,Repo Rate,policy_repo_rate,historical_rate_observation,historical_rate_observation_date,,2004-03-31,2004,3,6.0,600,7.0,700,-100,cut,,true,Historical rate observation: policy repo rate 6.00%; change -100 bps; action cut.,regime-2003-08-25-2008-07-29-tightening,tightening,Pre-GFC tightening,source-reuters-historical-2025,historical-rate-series,Reuters — Changes to India's repo rate since June 2000,https://www.reuters.com/world/india/changes-indias-repo-rate-since-june-2000-2025-12-05/,2025-12-05T00:00:00.000000Z,2026-08-14T10:24:42.000000Z,sha256:74557e9615be4bfa54c049e2f334bce4c5116a20e651aea2f2598cf57dfd5ae3,"[""source-reuters-historical-2025""]",1,legacy_import,historical_legacy_source,2026-08-14-v2,sha256:7c54caa01180d3018077a174f2239df9e221e520c61a31d952d6b152a16d3c26,2026-08-14T07:35:45.400000Z,1.0.0,"On 2004-03-31, the Reserve Bank of India historical policy repo-rate series records the policy repo rate at 6.00%, a change of -100 basis points from the previous canonical record. The canonical action is cut."
decision-IN-RBI-policy_repo_rate-2005-10-26,decision-2005-10-26-reuters,IN:RBI:policy_repo_rate:2005-10-26,IN,India,Reserve Bank of India,RBI,,Repo Rate,policy_repo_rate,historical_rate_observation,historical_rate_observation_date,,2005-10-26,2005,10,6.25,625,6.0,600,25,hike,,true,Historical rate observation: policy repo rate 6.25%; change +25 bps; action hike.,regime-2003-08-25-2008-07-29-tightening,tightening,Pre-GFC tightening,source-reuters-historical-2025,historical-rate-series,Reuters — Changes to India's repo rate since June 2000,https://www.reuters.com/world/india/changes-indias-repo-rate-since-june-2000-2025-12-05/,2025-12-05T00:00:00.000000Z,2026-08-14T10:24:42.000000Z,sha256:74557e9615be4bfa54c049e2f334bce4c5116a20e651aea2f2598cf57dfd5ae3,"[""source-reuters-historical-2025""]",1,legacy_import,historical_legacy_source,2026-08-14-v2,sha256:7c54caa01180d3018077a174f2239df9e221e520c61a31d952d6b152a16d3c26,2026-08-14T07:35:45.400000Z,1.0.0,"On 2005-10-26, the Reserve Bank of India historical policy repo-rate series records the policy repo rate at 6.25%, a change of +25 basis points from the previous canonical record. The canonical action is hike."
decision-IN-RBI-policy_repo_rate-2006-01-24,decision-2006-01-24-reuters,IN:RBI:policy_repo_rate:2006-01-24,IN,India,Reserve Bank of India,RBI,,Repo Rate,policy_repo_rate,historical_rate_observation,historical_rate_observation_date,,2006-01-24,2006,1,6.5,650,6.25,625,25,hike,,true,Historical rate observation: policy repo rate 6.50%; change +25 bps; action hike.,regime-2003-08-25-2008-07-29-tightening,tightening,Pre-GFC tightening,source-reuters-historical-2025,historical-rate-series,Reuters — Changes to India's repo rate since June 2000,https://www.reuters.com/world/india/changes-indias-repo-rate-since-june-2000-2025-12-05/,2025-12-05T00:00:00.000000Z,2026-08-14T10:24:42.000000Z,sha256:74557e9615be4bfa54c049e2f334bce4c5116a20e651aea2f2598cf57dfd5ae3,"[""source-reuters-historical-2025""]",1,legacy_import,historical_legacy_source,2026-08-14-v2,sha256:7c54caa01180d3018077a174f2239df9e221e520c61a31d952d6b152a16d3c26,2026-08-14T07:35:45.400000Z,1.0.0,"On 2006-01-24, the Reserve Bank of India historical policy repo-rate series records the policy repo rate at 6.50%, a change of +25 basis points from the previous canonical record. The canonical action is hike."
decision-IN-RBI-policy_repo_rate-2006-06-08,decision-2006-06-08-reuters,IN:RBI:policy_repo_rate:2006-06-08,IN,India,Reserve Bank of India,RBI,,Repo Rate,policy_repo_rate,historical_rate_observation,historical_rate_observation_date,,2006-06-08,2006,6,6.75,675,6.5,650,25,hike,,true,Historical rate observation: policy repo rate 6.75%; change +25 bps; action hike.,regime-2003-08-25-2008-07-29-tightening,tightening,Pre-GFC tightening,source-reuters-historical-2025,historical-rate-series,Reuters — Changes to India's repo rate since June 2000,https://www.reuters.com/world/india/changes-indias-repo-rate-since-june-2000-2025-12-05/,2025-12-05T00:00:00.000000Z,2026-08-14T10:24:42.000000Z,sha256:74557e9615be4bfa54c049e2f334bce4c5116a20e651aea2f2598cf57dfd5ae3,"[""source-reuters-historical-2025""]",1,legacy_import,historical_legacy_source,2026-08-14-v2,sha256:7c54caa01180d3018077a174f2239df9e221e520c61a31d952d6b152a16d3c26,2026-08-14T07:35:45.400000Z,1.0.0,"On 2006-06-08, the Reserve Bank of India historical policy repo-rate series records the policy repo rate at 6.75%, a change of +25 basis points from the previous canonical record. The canonical action is hike."
decision-IN-RBI-policy_repo_rate-2006-07-25,decision-2006-07-25-reuters,IN:RBI:policy_repo_rate:2006-07-25,IN,India,Reserve Bank of India,RBI,,Repo Rate,policy_repo_rate,historical_rate_observation,historical_rate_observation_date,,2006-07-25,2006,7,7.0,700,6.75,675,25,hike,,true,Historical rate observation: policy repo rate 7.00%; change +25 bps; action hike.,regime-2003-08-25-2008-07-29-tightening,tightening,Pre-GFC tightening,source-reuters-historical-2025,historical-rate-series,Reuters — Changes to India's repo rate since June 2000,https://www.reuters.com/world/india/changes-indias-repo-rate-since-june-2000-2025-12-05/,2025-12-05T00:00:00.000000Z,2026-08-14T10:24:42.000000Z,sha256:74557e9615be4bfa54c049e2f334bce4c5116a20e651aea2f2598cf57dfd5ae3,"[""source-reuters-historical-2025""]",1,legacy_import,historical_legacy_source,2026-08-14-v2,sha256:7c54caa01180d3018077a174f2239df9e221e520c61a31d952d6b152a16d3c26,2026-08-14T07:35:45.400000Z,1.0.0,"On 2006-07-25, the Reserve Bank of India historical policy repo-rate series records the policy repo rate at 7.00%, a change of +25 basis points from the previous canonical record. The canonical action is hike."
decision-IN-RBI-policy_repo_rate-2006-10-30,decision-2006-10-30-reuters,IN:RBI:policy_repo_rate:2006-10-30,IN,India,Reserve Bank of India,RBI,,Repo Rate,policy_repo_rate,historical_rate_observation,historical_rate_observation_date,,2006-10-30,2006,10,7.25,725,7.0,700,25,hike,,true,Historical rate observation: policy repo rate 7.25%; change +25 bps; action hike.,regime-2003-08-25-2008-07-29-tightening,tightening,Pre-GFC tightening,source-reuters-historical-2025,historical-rate-series,Reuters — Changes to India's repo rate since June 2000,https://www.reuters.com/world/india/changes-indias-repo-rate-since-june-2000-2025-12-05/,2025-12-05T00:00:00.000000Z,2026-08-14T10:24:42.000000Z,sha256:74557e9615be4bfa54c049e2f334bce4c5116a20e651aea2f2598cf57dfd5ae3,"[""source-reuters-historical-2025""]",1,legacy_import,historical_legacy_source,2026-08-14-v2,sha256:7c54caa01180d3018077a174f2239df9e221e520c61a31d952d6b152a16d3c26,2026-08-14T07:35:45.400000Z,1.0.0,"On 2006-10-30, the Reserve Bank of India historical policy repo-rate series records the policy repo rate at 7.25%, a change of +25 basis points from the previous canonical record. The canonical action is hike."
decision-IN-RBI-policy_repo_rate-2007-01-31,decision-2007-01-31-reuters,IN:RBI:policy_repo_rate:2007-01-31,IN,India,Reserve Bank of India,RBI,,Repo Rate,policy_repo_rate,historical_rate_observation,historical_rate_observation_date,,2007-01-31,2007,1,7.5,750,7.25,725,25,hike,,true,Historical rate observation: policy repo rate 7.50%; change +25 bps; action hike.,regime-2003-08-25-2008-07-29-tightening,tightening,Pre-GFC tightening,source-reuters-historical-2025,historical-rate-series,Reuters — Changes to India's repo rate since June 2000,https://www.reuters.com/world/india/changes-indias-repo-rate-since-june-2000-2025-12-05/,2025-12-05T00:00:00.000000Z,2026-08-14T10:24:42.000000Z,sha256:74557e9615be4bfa54c049e2f334bce4c5116a20e651aea2f2598cf57dfd5ae3,"[""source-reuters-historical-2025""]",1,legacy_import,historical_legacy_source,2026-08-14-v2,sha256:7c54caa01180d3018077a174f2239df9e221e520c61a31d952d6b152a16d3c26,2026-08-14T07:35:45.400000Z,1.0.0,"On 2007-01-31, the Reserve Bank of India historical policy repo-rate series records the policy repo rate at 7.50%, a change of +25 basis points from the previous canonical record. The canonical action is hike."
decision-IN-RBI-policy_repo_rate-2007-03-30,decision-2007-03-30-reuters,IN:RBI:policy_repo_rate:2007-03-30,IN,India,Reserve Bank of India,RBI,,Repo Rate,policy_repo_rate,historical_rate_observation,historical_rate_observation_date,,2007-03-30,2007,3,7.75,775,7.5,750,25,hike,,true,Historical rate observation: policy repo rate 7.75%; change +25 bps; action hike.,regime-2003-08-25-2008-07-29-tightening,tightening,Pre-GFC tightening,source-reuters-historical-2025,historical-rate-series,Reuters — Changes to India's repo rate since June 2000,https://www.reuters.com/world/india/changes-indias-repo-rate-since-june-2000-2025-12-05/,2025-12-05T00:00:00.000000Z,2026-08-14T10:24:42.000000Z,sha256:74557e9615be4bfa54c049e2f334bce4c5116a20e651aea2f2598cf57dfd5ae3,"[""source-reuters-historical-2025""]",1,legacy_import,historical_legacy_source,2026-08-14-v2,sha256:7c54caa01180d3018077a174f2239df9e221e520c61a31d952d6b152a16d3c26,2026-08-14T07:35:45.400000Z,1.0.0,"On 2007-03-30, the Reserve Bank of India historical policy repo-rate series records the policy repo rate at 7.75%, a change of +25 basis points from the previous canonical record. The canonical action is hike."
decision-IN-RBI-policy_repo_rate-2008-06-11,decision-2008-06-11-reuters,IN:RBI:policy_repo_rate:2008-06-11,IN,India,Reserve Bank of India,RBI,,Repo Rate,policy_repo_rate,historical_rate_observation,historical_rate_observation_date,,2008-06-11,2008,6,8.0,800,7.75,775,25,hike,,true,Historical rate observation: policy repo rate 8.00%; change +25 bps; action hike.,regime-2003-08-25-2008-07-29-tightening,tightening,Pre-GFC tightening,source-reuters-historical-2025,historical-rate-series,Reuters — Changes to India's repo rate since June 2000,https://www.reuters.com/world/india/changes-indias-repo-rate-since-june-2000-2025-12-05/,2025-12-05T00:00:00.000000Z,2026-08-14T10:24:42.000000Z,sha256:74557e9615be4bfa54c049e2f334bce4c5116a20e651aea2f2598cf57dfd5ae3,"[""source-reuters-historical-2025""]",1,legacy_import,historical_legacy_source,2026-08-14-v2,sha256:7c54caa01180d3018077a174f2239df9e221e520c61a31d952d6b152a16d3c26,2026-08-14T07:35:45.400000Z,1.0.0,"On 2008-06-11, the Reserve Bank of India historical policy repo-rate series records the policy repo rate at 8.00%, a change of +25 basis points from the previous canonical record. The canonical action is hike."
decision-IN-RBI-policy_repo_rate-2008-06-24,decision-2008-06-24-reuters,IN:RBI:policy_repo_rate:2008-06-24,IN,India,Reserve Bank of India,RBI,,Repo Rate,policy_repo_rate,historical_rate_observation,historical_rate_observation_date,,2008-06-24,2008,6,8.5,850,8.0,800,50,hike,,true,Historical rate observation: policy repo rate 8.50%; change +50 bps; action hike.,regime-2003-08-25-2008-07-29-tightening,tightening,Pre-GFC tightening,source-reuters-historical-2025,historical-rate-series,Reuters — Changes to India's repo rate since June 2000,https://www.reuters.com/world/india/changes-indias-repo-rate-since-june-2000-2025-12-05/,2025-12-05T00:00:00.000000Z,2026-08-14T10:24:42.000000Z,sha256:74557e9615be4bfa54c049e2f334bce4c5116a20e651aea2f2598cf57dfd5ae3,"[""source-reuters-historical-2025""]",1,legacy_import,historical_legacy_source,2026-08-14-v2,sha256:7c54caa01180d3018077a174f2239df9e221e520c61a31d952d6b152a16d3c26,2026-08-14T07:35:45.400000Z,1.0.0,"On 2008-06-24, the Reserve Bank of India historical policy repo-rate series records the policy repo rate at 8.50%, a change of +50 basis points from the previous canonical record. The canonical action is hike."
decision-IN-RBI-policy_repo_rate-2008-07-29,decision-2008-07-29-reuters,IN:RBI:policy_repo_rate:2008-07-29,IN,India,Reserve Bank of India,RBI,,Repo Rate,policy_repo_rate,historical_rate_observation,historical_rate_observation_date,,2008-07-29,2008,7,9.0,900,8.5,850,50,hike,,true,Historical rate observation: policy repo rate 9.00%; change +50 bps; action hike.,,,,source-reuters-historical-2025,historical-rate-series,Reuters — Changes to India's repo rate since June 2000,https://www.reuters.com/world/india/changes-indias-repo-rate-since-june-2000-2025-12-05/,2025-12-05T00:00:00.000000Z,2026-08-14T10:24:42.000000Z,sha256:74557e9615be4bfa54c049e2f334bce4c5116a20e651aea2f2598cf57dfd5ae3,"[""source-reuters-historical-2025""]",1,legacy_import,historical_legacy_source,2026-08-14-v2,sha256:7c54caa01180d3018077a174f2239df9e221e520c61a31d952d6b152a16d3c26,2026-08-14T07:35:45.400000Z,1.0.0,"On 2008-07-29, the Reserve Bank of India historical policy repo-rate series records the policy repo rate at 9.00%, a change of +50 basis points from the previous canonical record. The canonical action is hike."
decision-IN-RBI-policy_repo_rate-2008-10-20,decision-2008-10-20-reuters,IN:RBI:policy_repo_rate:2008-10-20,IN,India,Reserve Bank of India,RBI,,Repo Rate,policy_repo_rate,historical_rate_observation,historical_rate_observation_date,,2008-10-20,2008,10,8.0,800,9.0,900,-100,cut,,true,Historical rate observation: policy repo rate 8.00%; change -100 bps; action cut.,regime-2008-10-20-2009-04-21-easing,easing,GFC response,source-reuters-historical-2025,historical-rate-series,Reuters — Changes to India's repo rate since June 2000,https://www.reuters.com/world/india/changes-indias-repo-rate-since-june-2000-2025-12-05/,2025-12-05T00:00:00.000000Z,2026-08-14T10:24:42.000000Z,sha256:74557e9615be4bfa54c049e2f334bce4c5116a20e651aea2f2598cf57dfd5ae3,"[""source-reuters-historical-2025""]",1,legacy_import,historical_legacy_source,2026-08-14-v2,sha256:7c54caa01180d3018077a174f2239df9e221e520c61a31d952d6b152a16d3c26,2026-08-14T07:35:45.400000Z,1.0.0,"On 2008-10-20, the Reserve Bank of India historical policy repo-rate series records the policy repo rate at 8.00%, a change of -100 basis points from the previous canonical record. The canonical action is cut."
decision-IN-RBI-policy_repo_rate-2008-11-03,decision-2008-11-03-reuters,IN:RBI:policy_repo_rate:2008-11-03,IN,India,Reserve Bank of India,RBI,,Repo Rate,policy_repo_rate,historical_rate_observation,historical_rate_observation_date,,2008-11-03,2008,11,7.5,750,8.0,800,-50,cut,,true,Historical rate observation: policy repo rate 7.50%; change -50 bps; action cut.,regime-2008-10-20-2009-04-21-easing,easing,GFC response,source-reuters-historical-2025,historical-rate-series,Reuters — Changes to India's repo rate since June 2000,https://www.reuters.com/world/india/changes-indias-repo-rate-since-june-2000-2025-12-05/,2025-12-05T00:00:00.000000Z,2026-08-14T10:24:42.000000Z,sha256:74557e9615be4bfa54c049e2f334bce4c5116a20e651aea2f2598cf57dfd5ae3,"[""source-reuters-historical-2025""]",1,legacy_import,historical_legacy_source,2026-08-14-v2,sha256:7c54caa01180d3018077a174f2239df9e221e520c61a31d952d6b152a16d3c26,2026-08-14T07:35:45.400000Z,1.0.0,"On 2008-11-03, the Reserve Bank of India historical policy repo-rate series records the policy repo rate at 7.50%, a change of -50 basis points from the previous canonical record. The canonical action is cut."
decision-IN-RBI-policy_repo_rate-2008-12-08,decision-2008-12-08-reuters,IN:RBI:policy_repo_rate:2008-12-08,IN,India,Reserve Bank of India,RBI,,Repo Rate,policy_repo_rate,historical_rate_observation,historical_rate_observation_date,,2008-12-08,2008,12,6.5,650,7.5,750,-100,cut,,true,Historical rate observation: policy repo rate 6.50%; change -100 bps; action cut.,regime-2008-10-20-2009-04-21-easing,easing,GFC response,source-reuters-historical-2025,historical-rate-series,Reuters — Changes to India's repo rate since June 2000,https://www.reuters.com/world/india/changes-indias-repo-rate-since-june-2000-2025-12-05/,2025-12-05T00:00:00.000000Z,2026-08-14T10:24:42.000000Z,sha256:74557e9615be4bfa54c049e2f334bce4c5116a20e651aea2f2598cf57dfd5ae3,"[""source-reuters-historical-2025""]",1,legacy_import,historical_legacy_source,2026-08-14-v2,sha256:7c54caa01180d3018077a174f2239df9e221e520c61a31d952d6b152a16d3c26,2026-08-14T07:35:45.400000Z,1.0.0,"On 2008-12-08, the Reserve Bank of India historical policy repo-rate series records the policy repo rate at 6.50%, a change of -100 basis points from the previous canonical record. The canonical action is cut."
decision-IN-RBI-policy_repo_rate-2009-01-02,decision-2009-01-02-reuters,IN:RBI:policy_repo_rate:2009-01-02,IN,India,Reserve Bank of India,RBI,,Repo Rate,policy_repo_rate,historical_rate_observation,historical_rate_observation_date,,2009-01-02,2009,1,5.5,550,6.5,650,-100,cut,,true,Historical rate observation: policy repo rate 5.50%; change -100 bps; action cut.,regime-2008-10-20-2009-04-21-easing,easing,GFC response,source-reuters-historical-2025,historical-rate-series,Reuters — Changes to India's repo rate since June 2000,https://www.reuters.com/world/india/changes-indias-repo-rate-since-june-2000-2025-12-05/,2025-12-05T00:00:00.000000Z,2026-08-14T10:24:42.000000Z,sha256:74557e9615be4bfa54c049e2f334bce4c5116a20e651aea2f2598cf57dfd5ae3,"[""source-reuters-historical-2025""]",1,legacy_import,historical_legacy_source,2026-08-14-v2,sha256:7c54caa01180d3018077a174f2239df9e221e520c61a31d952d6b152a16d3c26,2026-08-14T07:35:45.400000Z,1.0.0,"On 2009-01-02, the Reserve Bank of India historical policy repo-rate series records the policy repo rate at 5.50%, a change of -100 basis points from the previous canonical record. The canonical action is cut."
decision-IN-RBI-policy_repo_rate-2009-03-04,decision-2009-03-04-reuters,IN:RBI:policy_repo_rate:2009-03-04,IN,India,Reserve Bank of India,RBI,,Repo Rate,policy_repo_rate,historical_rate_observation,historical_rate_observation_date,,2009-03-04,2009,3,5.0,500,5.5,550,-50,cut,,true,Historical rate observation: policy repo rate 5.00%; change -50 bps; action cut.,regime-2008-10-20-2009-04-21-easing,easing,GFC response,source-reuters-historical-2025,historical-rate-series,Reuters — Changes to India's repo rate since June 2000,https://www.reuters.com/world/india/changes-indias-repo-rate-since-june-2000-2025-12-05/,2025-12-05T00:00:00.000000Z,2026-08-14T10:24:42.000000Z,sha256:74557e9615be4bfa54c049e2f334bce4c5116a20e651aea2f2598cf57dfd5ae3,"[""source-reuters-historical-2025""]",1,legacy_import,historical_legacy_source,2026-08-14-v2,sha256:7c54caa01180d3018077a174f2239df9e221e520c61a31d952d6b152a16d3c26,2026-08-14T07:35:45.400000Z,1.0.0,"On 2009-03-04, the Reserve Bank of India historical policy repo-rate series records the policy repo rate at 5.00%, a change of -50 basis points from the previous canonical record. The canonical action is cut."
decision-IN-RBI-policy_repo_rate-2009-04-21,decision-2009-04-21-reuters,IN:RBI:policy_repo_rate:2009-04-21,IN,India,Reserve Bank of India,RBI,,Repo Rate,policy_repo_rate,historical_rate_observation,historical_rate_observation_date,,2009-04-21,2009,4,4.75,475,5.0,500,-25,cut,,true,Historical rate observation: policy repo rate 4.75%; change -25 bps; action cut.,regime-2009-04-21-2011-10-25-tightening,tightening,Post-GFC normalization,source-reuters-historical-2025,historical-rate-series,Reuters — Changes to India's repo rate since June 2000,https://www.reuters.com/world/india/changes-indias-repo-rate-since-june-2000-2025-12-05/,2025-12-05T00:00:00.000000Z,2026-08-14T10:24:42.000000Z,sha256:74557e9615be4bfa54c049e2f334bce4c5116a20e651aea2f2598cf57dfd5ae3,"[""source-reuters-historical-2025""]",1,legacy_import,historical_legacy_source,2026-08-14-v2,sha256:7c54caa01180d3018077a174f2239df9e221e520c61a31d952d6b152a16d3c26,2026-08-14T07:35:45.400000Z,1.0.0,"On 2009-04-21, the Reserve Bank of India historical policy repo-rate series records the policy repo rate at 4.75%, a change of -25 basis points from the previous canonical record. The canonical action is cut."
decision-IN-RBI-policy_repo_rate-2010-03-19,decision-2010-03-19-reuters,IN:RBI:policy_repo_rate:2010-03-19,IN,India,Reserve Bank of India,RBI,,Repo Rate,policy_repo_rate,historical_rate_observation,historical_rate_observation_date,,2010-03-19,2010,3,5.0,500,4.75,475,25,hike,,true,Historical rate observation: policy repo rate 5.00%; change +25 bps; action hike.,regime-2009-04-21-2011-10-25-tightening,tightening,Post-GFC normalization,source-reuters-historical-2025,historical-rate-series,Reuters — Changes to India's repo rate since June 2000,https://www.reuters.com/world/india/changes-indias-repo-rate-since-june-2000-2025-12-05/,2025-12-05T00:00:00.000000Z,2026-08-14T10:24:42.000000Z,sha256:74557e9615be4bfa54c049e2f334bce4c5116a20e651aea2f2598cf57dfd5ae3,"[""source-reuters-historical-2025""]",1,legacy_import,historical_legacy_source,2026-08-14-v2,sha256:7c54caa01180d3018077a174f2239df9e221e520c61a31d952d6b152a16d3c26,2026-08-14T07:35:45.400000Z,1.0.0,"On 2010-03-19, the Reserve Bank of India historical policy repo-rate series records the policy repo rate at 5.00%, a change of +25 basis points from the previous canonical record. The canonical action is hike."
decision-IN-RBI-policy_repo_rate-2010-04-20,decision-2010-04-20-reuters,IN:RBI:policy_repo_rate:2010-04-20,IN,India,Reserve Bank of India,RBI,,Repo Rate,policy_repo_rate,historical_rate_observation,historical_rate_observation_date,,2010-04-20,2010,4,5.25,525,5.0,500,25,hike,,true,Historical rate observation: policy repo rate 5.25%; change +25 bps; action hike.,regime-2009-04-21-2011-10-25-tightening,tightening,Post-GFC normalization,source-reuters-historical-2025,historical-rate-series,Reuters — Changes to India's repo rate since June 2000,https://www.reuters.com/world/india/changes-indias-repo-rate-since-june-2000-2025-12-05/,2025-12-05T00:00:00.000000Z,2026-08-14T10:24:42.000000Z,sha256:74557e9615be4bfa54c049e2f334bce4c5116a20e651aea2f2598cf57dfd5ae3,"[""source-reuters-historical-2025""]",1,legacy_import,historical_legacy_source,2026-08-14-v2,sha256:7c54caa01180d3018077a174f2239df9e221e520c61a31d952d6b152a16d3c26,2026-08-14T07:35:45.400000Z,1.0.0,"On 2010-04-20, the Reserve Bank of India historical policy repo-rate series records the policy repo rate at 5.25%, a change of +25 basis points from the previous canonical record. The canonical action is hike."
decision-IN-RBI-policy_repo_rate-2010-07-02,decision-2010-07-02-reuters,IN:RBI:policy_repo_rate:2010-07-02,IN,India,Reserve Bank of India,RBI,,Repo Rate,policy_repo_rate,historical_rate_observation,historical_rate_observation_date,,2010-07-02,2010,7,5.5,550,5.25,525,25,hike,,true,Historical rate observation: policy repo rate 5.50%; change +25 bps; action hike.,regime-2009-04-21-2011-10-25-tightening,tightening,Post-GFC normalization,source-reuters-historical-2025,historical-rate-series,Reuters — Changes to India's repo rate since June 2000,https://www.reuters.com/world/india/changes-indias-repo-rate-since-june-2000-2025-12-05/,2025-12-05T00:00:00.000000Z,2026-08-14T10:24:42.000000Z,sha256:74557e9615be4bfa54c049e2f334bce4c5116a20e651aea2f2598cf57dfd5ae3,"[""source-reuters-historical-2025""]",1,legacy_import,historical_legacy_source,2026-08-14-v2,sha256:7c54caa01180d3018077a174f2239df9e221e520c61a31d952d6b152a16d3c26,2026-08-14T07:35:45.400000Z,1.0.0,"On 2010-07-02, the Reserve Bank of India historical policy repo-rate series records the policy repo rate at 5.50%, a change of +25 basis points from the previous canonical record. The canonical action is hike."
decision-IN-RBI-policy_repo_rate-2010-07-27,decision-2010-07-27-reuters,IN:RBI:policy_repo_rate:2010-07-27,IN,India,Reserve Bank of India,RBI,,Repo Rate,policy_repo_rate,historical_rate_observation,historical_rate_observation_date,,2010-07-27,2010,7,5.75,575,5.5,550,25,hike,,true,Historical rate observation: policy repo rate 5.75%; change +25 bps; action hike.,regime-2009-04-21-2011-10-25-tightening,tightening,Post-GFC normalization,source-reuters-historical-2025,historical-rate-series,Reuters — Changes to India's repo rate since June 2000,https://www.reuters.com/world/india/changes-indias-repo-rate-since-june-2000-2025-12-05/,2025-12-05T00:00:00.000000Z,2026-08-14T10:24:42.000000Z,sha256:74557e9615be4bfa54c049e2f334bce4c5116a20e651aea2f2598cf57dfd5ae3,"[""source-reuters-historical-2025""]",1,legacy_import,historical_legacy_source,2026-08-14-v2,sha256:7c54caa01180d3018077a174f2239df9e221e520c61a31d952d6b152a16d3c26,2026-08-14T07:35:45.400000Z,1.0.0,"On 2010-07-27, the Reserve Bank of India historical policy repo-rate series records the policy repo rate at 5.75%, a change of +25 basis points from the previous canonical record. The canonical action is hike."
decision-IN-RBI-policy_repo_rate-2010-09-16,decision-2010-09-16-reuters,IN:RBI:policy_repo_rate:2010-09-16,IN,India,Reserve Bank of India,RBI,,Repo Rate,policy_repo_rate,historical_rate_observation,historical_rate_observation_date,,2010-09-16,2010,9,6.0,600,5.75,575,25,hike,,true,Historical rate observation: policy repo rate 6.00%; change +25 bps; action hike.,regime-2009-04-21-2011-10-25-tightening,tightening,Post-GFC normalization,source-reuters-historical-2025,historical-rate-series,Reuters — Changes to India's repo rate since June 2000,https://www.reuters.com/world/india/changes-indias-repo-rate-since-june-2000-2025-12-05/,2025-12-05T00:00:00.000000Z,2026-08-14T10:24:42.000000Z,sha256:74557e9615be4bfa54c049e2f334bce4c5116a20e651aea2f2598cf57dfd5ae3,"[""source-reuters-historical-2025""]",1,legacy_import,historical_legacy_source,2026-08-14-v2,sha256:7c54caa01180d3018077a174f2239df9e221e520c61a31d952d6b152a16d3c26,2026-08-14T07:35:45.400000Z,1.0.0,"On 2010-09-16, the Reserve Bank of India historical policy repo-rate series records the policy repo rate at 6.00%, a change of +25 basis points from the previous canonical record. The canonical action is hike."
decision-IN-RBI-policy_repo_rate-2010-11-02,decision-2010-11-02-reuters,IN:RBI:policy_repo_rate:2010-11-02,IN,India,Reserve Bank of India,RBI,,Repo Rate,policy_repo_rate,historical_rate_observation,historical_rate_observation_date,,2010-11-02,2010,11,6.25,625,6.0,600,25,hike,,true,Historical rate observation: policy repo rate 6.25%; change +25 bps; action hike.,regime-2009-04-21-2011-10-25-tightening,tightening,Post-GFC normalization,source-reuters-historical-2025,historical-rate-series,Reuters — Changes to India's repo rate since June 2000,https://www.reuters.com/world/india/changes-indias-repo-rate-since-june-2000-2025-12-05/,2025-12-05T00:00:00.000000Z,2026-08-14T10:24:42.000000Z,sha256:74557e9615be4bfa54c049e2f334bce4c5116a20e651aea2f2598cf57dfd5ae3,"[""source-reuters-historical-2025""]",1,legacy_import,historical_legacy_source,2026-08-14-v2,sha256:7c54caa01180d3018077a174f2239df9e221e520c61a31d952d6b152a16d3c26,2026-08-14T07:35:45.400000Z,1.0.0,"On 2010-11-02, the Reserve Bank of India historical policy repo-rate series records the policy repo rate at 6.25%, a change of +25 basis points from the previous canonical record. The canonical action is hike."
decision-IN-RBI-policy_repo_rate-2011-01-25,decision-2011-01-25-reuters,IN:RBI:policy_repo_rate:2011-01-25,IN,India,Reserve Bank of India,RBI,,Repo Rate,policy_repo_rate,historical_rate_observation,historical_rate_observation_date,,2011-01-25,2011,1,6.5,650,6.25,625,25,hike,,true,Historical rate observation: policy repo rate 6.50%; change +25 bps; action hike.,regime-2009-04-21-2011-10-25-tightening,tightening,Post-GFC normalization,source-reuters-historical-2025,historical-rate-series,Reuters — Changes to India's repo rate since June 2000,https://www.reuters.com/world/india/changes-indias-repo-rate-since-june-2000-2025-12-05/,2025-12-05T00:00:00.000000Z,2026-08-14T10:24:42.000000Z,sha256:74557e9615be4bfa54c049e2f334bce4c5116a20e651aea2f2598cf57dfd5ae3,"[""source-reuters-historical-2025""]",1,legacy_import,historical_legacy_source,2026-08-14-v2,sha256:7c54caa01180d3018077a174f2239df9e221e520c61a31d952d6b152a16d3c26,2026-08-14T07:35:45.400000Z,1.0.0,"On 2011-01-25, the Reserve Bank of India historical policy repo-rate series records the policy repo rate at 6.50%, a change of +25 basis points from the previous canonical record. The canonical action is hike."
decision-IN-RBI-policy_repo_rate-2011-03-17,decision-2011-03-17-reuters,IN:RBI:policy_repo_rate:2011-03-17,IN,India,Reserve Bank of India,RBI,,Repo Rate,policy_repo_rate,historical_rate_observation,historical_rate_observation_date,,2011-03-17,2011,3,6.75,675,6.5,650,25,hike,,true,Historical rate observation: policy repo rate 6.75%; change +25 bps; action hike.,regime-2009-04-21-2011-10-25-tightening,tightening,Post-GFC normalization,source-reuters-historical-2025,historical-rate-series,Reuters — Changes to India's repo rate since June 2000,https://www.reuters.com/world/india/changes-indias-repo-rate-since-june-2000-2025-12-05/,2025-12-05T00:00:00.000000Z,2026-08-14T10:24:42.000000Z,sha256:74557e9615be4bfa54c049e2f334bce4c5116a20e651aea2f2598cf57dfd5ae3,"[""source-reuters-historical-2025""]",1,legacy_import,historical_legacy_source,2026-08-14-v2,sha256:7c54caa01180d3018077a174f2239df9e221e520c61a31d952d6b152a16d3c26,2026-08-14T07:35:45.400000Z,1.0.0,"On 2011-03-17, the Reserve Bank of India historical policy repo-rate series records the policy repo rate at 6.75%, a change of +25 basis points from the previous canonical record. The canonical action is hike."
decision-IN-RBI-policy_repo_rate-2011-05-03,decision-2011-05-03-reuters,IN:RBI:policy_repo_rate:2011-05-03,IN,India,Reserve Bank of India,RBI,,Repo Rate,policy_repo_rate,historical_rate_observation,historical_rate_observation_date,,2011-05-03,2011,5,7.25,725,6.75,675,50,hike,,true,Historical rate observation: policy repo rate 7.25%; change +50 bps; action hike.,regime-2009-04-21-2011-10-25-tightening,tightening,Post-GFC normalization,source-reuters-historical-2025,historical-rate-series,Reuters — Changes to India's repo rate since June 2000,https://www.reuters.com/world/india/changes-indias-repo-rate-since-june-2000-2025-12-05/,2025-12-05T00:00:00.000000Z,2026-08-14T10:24:42.000000Z,sha256:74557e9615be4bfa54c049e2f334bce4c5116a20e651aea2f2598cf57dfd5ae3,"[""source-reuters-historical-2025""]",1,legacy_import,historical_legacy_source,2026-08-14-v2,sha256:7c54caa01180d3018077a174f2239df9e221e520c61a31d952d6b152a16d3c26,2026-08-14T07:35:45.400000Z,1.0.0,"On 2011-05-03, the Reserve Bank of India historical policy repo-rate series records the policy repo rate at 7.25%, a change of +50 basis points from the previous canonical record. The canonical action is hike."
decision-IN-RBI-policy_repo_rate-2011-06-16,decision-2011-06-16-reuters,IN:RBI:policy_repo_rate:2011-06-16,IN,India,Reserve Bank of India,RBI,,Repo Rate,policy_repo_rate,historical_rate_observation,historical_rate_observation_date,,2011-06-16,2011,6,7.5,750,7.25,725,25,hike,,true,Historical rate observation: policy repo rate 7.50%; change +25 bps; action hike.,regime-2009-04-21-2011-10-25-tightening,tightening,Post-GFC normalization,source-reuters-historical-2025,historical-rate-series,Reuters — Changes to India's repo rate since June 2000,https://www.reuters.com/world/india/changes-indias-repo-rate-since-june-2000-2025-12-05/,2025-12-05T00:00:00.000000Z,2026-08-14T10:24:42.000000Z,sha256:74557e9615be4bfa54c049e2f334bce4c5116a20e651aea2f2598cf57dfd5ae3,"[""source-reuters-historical-2025""]",1,legacy_import,historical_legacy_source,2026-08-14-v2,sha256:7c54caa01180d3018077a174f2239df9e221e520c61a31d952d6b152a16d3c26,2026-08-14T07:35:45.400000Z,1.0.0,"On 2011-06-16, the Reserve Bank of India historical policy repo-rate series records the policy repo rate at 7.50%, a change of +25 basis points from the previous canonical record. The canonical action is hike."
decision-IN-RBI-policy_repo_rate-2011-07-26,decision-2011-07-26-reuters,IN:RBI:policy_repo_rate:2011-07-26,IN,India,Reserve Bank of India,RBI,,Repo Rate,policy_repo_rate,historical_rate_observation,historical_rate_observation_date,,2011-07-26,2011,7,8.0,800,7.5,750,50,hike,,true,Historical rate observation: policy repo rate 8.00%; change +50 bps; action hike.,regime-2009-04-21-2011-10-25-tightening,tightening,Post-GFC normalization,source-reuters-historical-2025,historical-rate-series,Reuters — Changes to India's repo rate since June 2000,https://www.reuters.com/world/india/changes-indias-repo-rate-since-june-2000-2025-12-05/,2025-12-05T00:00:00.000000Z,2026-08-14T10:24:42.000000Z,sha256:74557e9615be4bfa54c049e2f334bce4c5116a20e651aea2f2598cf57dfd5ae3,"[""source-reuters-historical-2025""]",1,legacy_import,historical_legacy_source,2026-08-14-v2,sha256:7c54caa01180d3018077a174f2239df9e221e520c61a31d952d6b152a16d3c26,2026-08-14T07:35:45.400000Z,1.0.0,"On 2011-07-26, the Reserve Bank of India historical policy repo-rate series records the policy repo rate at 8.00%, a change of +50 basis points from the previous canonical record. The canonical action is hike."
decision-IN-RBI-policy_repo_rate-2011-09-16,decision-2011-09-16-reuters,IN:RBI:policy_repo_rate:2011-09-16,IN,India,Reserve Bank of India,RBI,,Repo Rate,policy_repo_rate,historical_rate_observation,historical_rate_observation_date,,2011-09-16,2011,9,8.25,825,8.0,800,25,hike,,true,Historical rate observation: policy repo rate 8.25%; change +25 bps; action hike.,regime-2009-04-21-2011-10-25-tightening,tightening,Post-GFC normalization,source-reuters-historical-2025,historical-rate-series,Reuters — Changes to India's repo rate since June 2000,https://www.reuters.com/world/india/changes-indias-repo-rate-since-june-2000-2025-12-05/,2025-12-05T00:00:00.000000Z,2026-08-14T10:24:42.000000Z,sha256:74557e9615be4bfa54c049e2f334bce4c5116a20e651aea2f2598cf57dfd5ae3,"[""source-reuters-historical-2025""]",1,legacy_import,historical_legacy_source,2026-08-14-v2,sha256:7c54caa01180d3018077a174f2239df9e221e520c61a31d952d6b152a16d3c26,2026-08-14T07:35:45.400000Z,1.0.0,"On 2011-09-16, the Reserve Bank of India historical policy repo-rate series records the policy repo rate at 8.25%, a change of +25 basis points from the previous canonical record. The canonical action is hike."
decision-IN-RBI-policy_repo_rate-2011-10-25,decision-2011-10-25-reuters,IN:RBI:policy_repo_rate:2011-10-25,IN,India,Reserve Bank of India,RBI,,Repo Rate,policy_repo_rate,historical_rate_observation,historical_rate_observation_date,,2011-10-25,2011,10,8.5,850,8.25,825,25,hike,,true,Historical rate observation: policy repo rate 8.50%; change +25 bps; action hike.,regime-2011-10-25-2013-05-03-pause,pause,Inflation plateau,source-reuters-historical-2025,historical-rate-series,Reuters — Changes to India's repo rate since June 2000,https://www.reuters.com/world/india/changes-indias-repo-rate-since-june-2000-2025-12-05/,2025-12-05T00:00:00.000000Z,2026-08-14T10:24:42.000000Z,sha256:74557e9615be4bfa54c049e2f334bce4c5116a20e651aea2f2598cf57dfd5ae3,"[""source-reuters-historical-2025""]",1,legacy_import,historical_legacy_source,2026-08-14-v2,sha256:7c54caa01180d3018077a174f2239df9e221e520c61a31d952d6b152a16d3c26,2026-08-14T07:35:45.400000Z,1.0.0,"On 2011-10-25, the Reserve Bank of India historical policy repo-rate series records the policy repo rate at 8.50%, a change of +25 basis points from the previous canonical record. The canonical action is hike."
decision-IN-RBI-policy_repo_rate-2012-04-17,decision-2012-04-17-reuters,IN:RBI:policy_repo_rate:2012-04-17,IN,India,Reserve Bank of India,RBI,,Repo Rate,policy_repo_rate,historical_rate_observation,historical_rate_observation_date,,2012-04-17,2012,4,8.0,800,8.5,850,-50,cut,,true,Historical rate observation: policy repo rate 8.00%; change -50 bps; action cut.,regime-2011-10-25-2013-05-03-pause,pause,Inflation plateau,source-reuters-historical-2025,historical-rate-series,Reuters — Changes to India's repo rate since June 2000,https://www.reuters.com/world/india/changes-indias-repo-rate-since-june-2000-2025-12-05/,2025-12-05T00:00:00.000000Z,2026-08-14T10:24:42.000000Z,sha256:74557e9615be4bfa54c049e2f334bce4c5116a20e651aea2f2598cf57dfd5ae3,"[""source-reuters-historical-2025""]",1,legacy_import,historical_legacy_source,2026-08-14-v2,sha256:7c54caa01180d3018077a174f2239df9e221e520c61a31d952d6b152a16d3c26,2026-08-14T07:35:45.400000Z,1.0.0,"On 2012-04-17, the Reserve Bank of India historical policy repo-rate series records the policy repo rate at 8.00%, a change of -50 basis points from the previous canonical record. The canonical action is cut."
decision-IN-RBI-policy_repo_rate-2013-01-29,decision-2013-01-29-reuters,IN:RBI:policy_repo_rate:2013-01-29,IN,India,Reserve Bank of India,RBI,,Repo Rate,policy_repo_rate,historical_rate_observation,historical_rate_observation_date,,2013-01-29,2013,1,7.75,775,8.0,800,-25,cut,,true,Historical rate observation: policy repo rate 7.75%; change -25 bps; action cut.,regime-2011-10-25-2013-05-03-pause,pause,Inflation plateau,source-reuters-historical-2025,historical-rate-series,Reuters — Changes to India's repo rate since June 2000,https://www.reuters.com/world/india/changes-indias-repo-rate-since-june-2000-2025-12-05/,2025-12-05T00:00:00.000000Z,2026-08-14T10:24:42.000000Z,sha256:74557e9615be4bfa54c049e2f334bce4c5116a20e651aea2f2598cf57dfd5ae3,"[""source-reuters-historical-2025""]",1,legacy_import,historical_legacy_source,2026-08-14-v2,sha256:7c54caa01180d3018077a174f2239df9e221e520c61a31d952d6b152a16d3c26,2026-08-14T07:35:45.400000Z,1.0.0,"On 2013-01-29, the Reserve Bank of India historical policy repo-rate series records the policy repo rate at 7.75%, a change of -25 basis points from the previous canonical record. The canonical action is cut."
decision-IN-RBI-policy_repo_rate-2013-03-19,decision-2013-03-19-reuters,IN:RBI:policy_repo_rate:2013-03-19,IN,India,Reserve Bank of India,RBI,,Repo Rate,policy_repo_rate,historical_rate_observation,historical_rate_observation_date,,2013-03-19,2013,3,7.5,750,7.75,775,-25,cut,,true,Historical rate observation: policy repo rate 7.50%; change -25 bps; action cut.,regime-2011-10-25-2013-05-03-pause,pause,Inflation plateau,source-reuters-historical-2025,historical-rate-series,Reuters — Changes to India's repo rate since June 2000,https://www.reuters.com/world/india/changes-indias-repo-rate-since-june-2000-2025-12-05/,2025-12-05T00:00:00.000000Z,2026-08-14T10:24:42.000000Z,sha256:74557e9615be4bfa54c049e2f334bce4c5116a20e651aea2f2598cf57dfd5ae3,"[""source-reuters-historical-2025""]",1,legacy_import,historical_legacy_source,2026-08-14-v2,sha256:7c54caa01180d3018077a174f2239df9e221e520c61a31d952d6b152a16d3c26,2026-08-14T07:35:45.400000Z,1.0.0,"On 2013-03-19, the Reserve Bank of India historical policy repo-rate series records the policy repo rate at 7.50%, a change of -25 basis points from the previous canonical record. The canonical action is cut."
decision-IN-RBI-policy_repo_rate-2013-05-03,decision-2013-05-03-reuters,IN:RBI:policy_repo_rate:2013-05-03,IN,India,Reserve Bank of India,RBI,,Repo Rate,policy_repo_rate,historical_rate_observation,historical_rate_observation_date,,2013-05-03,2013,5,7.25,725,7.5,750,-25,cut,,true,Historical rate observation: policy repo rate 7.25%; change -25 bps; action cut.,regime-2013-05-03-2013-09-20-easing,easing,Brief easing,source-reuters-historical-2025,historical-rate-series,Reuters — Changes to India's repo rate since June 2000,https://www.reuters.com/world/india/changes-indias-repo-rate-since-june-2000-2025-12-05/,2025-12-05T00:00:00.000000Z,2026-08-14T10:24:42.000000Z,sha256:74557e9615be4bfa54c049e2f334bce4c5116a20e651aea2f2598cf57dfd5ae3,"[""source-reuters-historical-2025""]",1,legacy_import,historical_legacy_source,2026-08-14-v2,sha256:7c54caa01180d3018077a174f2239df9e221e520c61a31d952d6b152a16d3c26,2026-08-14T07:35:45.400000Z,1.0.0,"On 2013-05-03, the Reserve Bank of India historical policy repo-rate series records the policy repo rate at 7.25%, a change of -25 basis points from the previous canonical record. The canonical action is cut."
decision-IN-RBI-policy_repo_rate-2013-09-20,decision-2013-09-20-reuters,IN:RBI:policy_repo_rate:2013-09-20,IN,India,Reserve Bank of India,RBI,,Repo Rate,policy_repo_rate,historical_rate_observation,historical_rate_observation_date,,2013-09-20,2013,9,7.5,750,7.25,725,25,hike,,true,Historical rate observation: policy repo rate 7.50%; change +25 bps; action hike.,regime-2013-09-20-2014-01-28-tightening,tightening,Taper tantrum response,source-reuters-historical-2025,historical-rate-series,Reuters — Changes to India's repo rate since June 2000,https://www.reuters.com/world/india/changes-indias-repo-rate-since-june-2000-2025-12-05/,2025-12-05T00:00:00.000000Z,2026-08-14T10:24:42.000000Z,sha256:74557e9615be4bfa54c049e2f334bce4c5116a20e651aea2f2598cf57dfd5ae3,"[""source-reuters-historical-2025""]",1,legacy_import,historical_legacy_source,2026-08-14-v2,sha256:7c54caa01180d3018077a174f2239df9e221e520c61a31d952d6b152a16d3c26,2026-08-14T07:35:45.400000Z,1.0.0,"On 2013-09-20, the Reserve Bank of India historical policy repo-rate series records the policy repo rate at 7.50%, a change of +25 basis points from the previous canonical record. The canonical action is hike."
decision-IN-RBI-policy_repo_rate-2013-10-29,decision-2013-10-29-reuters,IN:RBI:policy_repo_rate:2013-10-29,IN,India,Reserve Bank of India,RBI,,Repo Rate,policy_repo_rate,historical_rate_observation,historical_rate_observation_date,,2013-10-29,2013,10,7.75,775,7.5,750,25,hike,,true,Historical rate observation: policy repo rate 7.75%; change +25 bps; action hike.,regime-2013-09-20-2014-01-28-tightening,tightening,Taper tantrum response,source-reuters-historical-2025,historical-rate-series,Reuters — Changes to India's repo rate since June 2000,https://www.reuters.com/world/india/changes-indias-repo-rate-since-june-2000-2025-12-05/,2025-12-05T00:00:00.000000Z,2026-08-14T10:24:42.000000Z,sha256:74557e9615be4bfa54c049e2f334bce4c5116a20e651aea2f2598cf57dfd5ae3,"[""source-reuters-historical-2025""]",1,legacy_import,historical_legacy_source,2026-08-14-v2,sha256:7c54caa01180d3018077a174f2239df9e221e520c61a31d952d6b152a16d3c26,2026-08-14T07:35:45.400000Z,1.0.0,"On 2013-10-29, the Reserve Bank of India historical policy repo-rate series records the policy repo rate at 7.75%, a change of +25 basis points from the previous canonical record. The canonical action is hike."
decision-IN-RBI-policy_repo_rate-2014-01-28,decision-2014-01-28-reuters,IN:RBI:policy_repo_rate:2014-01-28,IN,India,Reserve Bank of India,RBI,,Repo Rate,policy_repo_rate,historical_rate_observation,historical_rate_observation_date,,2014-01-28,2014,1,8.0,800,7.75,775,25,hike,,true,Historical rate observation: policy repo rate 8.00%; change +25 bps; action hike.,regime-2014-01-28-2016-10-04-easing,easing,Rajan easing cycle,source-reuters-historical-2025,historical-rate-series,Reuters — Changes to India's repo rate since June 2000,https://www.reuters.com/world/india/changes-indias-repo-rate-since-june-2000-2025-12-05/,2025-12-05T00:00:00.000000Z,2026-08-14T10:24:42.000000Z,sha256:74557e9615be4bfa54c049e2f334bce4c5116a20e651aea2f2598cf57dfd5ae3,"[""source-reuters-historical-2025""]",1,legacy_import,historical_legacy_source,2026-08-14-v2,sha256:7c54caa01180d3018077a174f2239df9e221e520c61a31d952d6b152a16d3c26,2026-08-14T07:35:45.400000Z,1.0.0,"On 2014-01-28, the Reserve Bank of India historical policy repo-rate series records the policy repo rate at 8.00%, a change of +25 basis points from the previous canonical record. The canonical action is hike."
decision-IN-RBI-policy_repo_rate-2015-01-15,decision-2015-01-15-reuters,IN:RBI:policy_repo_rate:2015-01-15,IN,India,Reserve Bank of India,RBI,,Repo Rate,policy_repo_rate,historical_rate_observation,historical_rate_observation_date,,2015-01-15,2015,1,7.75,775,8.0,800,-25,cut,,true,Historical rate observation: policy repo rate 7.75%; change -25 bps; action cut.,regime-2014-01-28-2016-10-04-easing,easing,Rajan easing cycle,source-reuters-historical-2025,historical-rate-series,Reuters — Changes to India's repo rate since June 2000,https://www.reuters.com/world/india/changes-indias-repo-rate-since-june-2000-2025-12-05/,2025-12-05T00:00:00.000000Z,2026-08-14T10:24:42.000000Z,sha256:74557e9615be4bfa54c049e2f334bce4c5116a20e651aea2f2598cf57dfd5ae3,"[""source-reuters-historical-2025""]",1,legacy_import,historical_legacy_source,2026-08-14-v2,sha256:7c54caa01180d3018077a174f2239df9e221e520c61a31d952d6b152a16d3c26,2026-08-14T07:35:45.400000Z,1.0.0,"On 2015-01-15, the Reserve Bank of India historical policy repo-rate series records the policy repo rate at 7.75%, a change of -25 basis points from the previous canonical record. The canonical action is cut."
decision-IN-RBI-policy_repo_rate-2015-03-04,decision-2015-03-04-reuters,IN:RBI:policy_repo_rate:2015-03-04,IN,India,Reserve Bank of India,RBI,,Repo Rate,policy_repo_rate,historical_rate_observation,historical_rate_observation_date,,2015-03-04,2015,3,7.5,750,7.75,775,-25,cut,,true,Historical rate observation: policy repo rate 7.50%; change -25 bps; action cut.,regime-2014-01-28-2016-10-04-easing,easing,Rajan easing cycle,source-reuters-historical-2025,historical-rate-series,Reuters — Changes to India's repo rate since June 2000,https://www.reuters.com/world/india/changes-indias-repo-rate-since-june-2000-2025-12-05/,2025-12-05T00:00:00.000000Z,2026-08-14T10:24:42.000000Z,sha256:74557e9615be4bfa54c049e2f334bce4c5116a20e651aea2f2598cf57dfd5ae3,"[""source-reuters-historical-2025""]",1,legacy_import,historical_legacy_source,2026-08-14-v2,sha256:7c54caa01180d3018077a174f2239df9e221e520c61a31d952d6b152a16d3c26,2026-08-14T07:35:45.400000Z,1.0.0,"On 2015-03-04, the Reserve Bank of India historical policy repo-rate series records the policy repo rate at 7.50%, a change of -25 basis points from the previous canonical record. The canonical action is cut."
decision-IN-RBI-policy_repo_rate-2015-06-02,decision-2015-06-02-reuters,IN:RBI:policy_repo_rate:2015-06-02,IN,India,Reserve Bank of India,RBI,,Repo Rate,policy_repo_rate,historical_rate_observation,historical_rate_observation_date,,2015-06-02,2015,6,7.25,725,7.5,750,-25,cut,,true,Historical rate observation: policy repo rate 7.25%; change -25 bps; action cut.,regime-2014-01-28-2016-10-04-easing,easing,Rajan easing cycle,source-reuters-historical-2025,historical-rate-series,Reuters — Changes to India's repo rate since June 2000,https://www.reuters.com/world/india/changes-indias-repo-rate-since-june-2000-2025-12-05/,2025-12-05T00:00:00.000000Z,2026-08-14T10:24:42.000000Z,sha256:74557e9615be4bfa54c049e2f334bce4c5116a20e651aea2f2598cf57dfd5ae3,"[""source-reuters-historical-2025""]",1,legacy_import,historical_legacy_source,2026-08-14-v2,sha256:7c54caa01180d3018077a174f2239df9e221e520c61a31d952d6b152a16d3c26,2026-08-14T07:35:45.400000Z,1.0.0,"On 2015-06-02, the Reserve Bank of India historical policy repo-rate series records the policy repo rate at 7.25%, a change of -25 basis points from the previous canonical record. The canonical action is cut."
decision-IN-RBI-policy_repo_rate-2015-09-29,decision-2015-09-29-reuters,IN:RBI:policy_repo_rate:2015-09-29,IN,India,Reserve Bank of India,RBI,,Repo Rate,policy_repo_rate,historical_rate_observation,historical_rate_observation_date,,2015-09-29,2015,9,6.75,675,7.25,725,-50,cut,,true,Historical rate observation: policy repo rate 6.75%; change -50 bps; action cut.,regime-2014-01-28-2016-10-04-easing,easing,Rajan easing cycle,source-reuters-historical-2025,historical-rate-series,Reuters — Changes to India's repo rate since June 2000,https://www.reuters.com/world/india/changes-indias-repo-rate-since-june-2000-2025-12-05/,2025-12-05T00:00:00.000000Z,2026-08-14T10:24:42.000000Z,sha256:74557e9615be4bfa54c049e2f334bce4c5116a20e651aea2f2598cf57dfd5ae3,"[""source-reuters-historical-2025""]",1,legacy_import,historical_legacy_source,2026-08-14-v2,sha256:7c54caa01180d3018077a174f2239df9e221e520c61a31d952d6b152a16d3c26,2026-08-14T07:35:45.400000Z,1.0.0,"On 2015-09-29, the Reserve Bank of India historical policy repo-rate series records the policy repo rate at 6.75%, a change of -50 basis points from the previous canonical record. The canonical action is cut."
decision-IN-RBI-policy_repo_rate-2016-04-05,decision-2016-04-05-reuters,IN:RBI:policy_repo_rate:2016-04-05,IN,India,Reserve Bank of India,RBI,,Repo Rate,policy_repo_rate,historical_rate_observation,historical_rate_observation_date,,2016-04-05,2016,4,6.5,650,6.75,675,-25,cut,,true,Historical rate observation: policy repo rate 6.50%; change -25 bps; action cut.,regime-2014-01-28-2016-10-04-easing,easing,Rajan easing cycle,source-reuters-historical-2025,historical-rate-series,Reuters — Changes to India's repo rate since June 2000,https://www.reuters.com/world/india/changes-indias-repo-rate-since-june-2000-2025-12-05/,2025-12-05T00:00:00.000000Z,2026-08-14T10:24:42.000000Z,sha256:74557e9615be4bfa54c049e2f334bce4c5116a20e651aea2f2598cf57dfd5ae3,"[""source-reuters-historical-2025""]",1,legacy_import,historical_legacy_source,2026-08-14-v2,sha256:7c54caa01180d3018077a174f2239df9e221e520c61a31d952d6b152a16d3c26,2026-08-14T07:35:45.400000Z,1.0.0,"On 2016-04-05, the Reserve Bank of India historical policy repo-rate series records the policy repo rate at 6.50%, a change of -25 basis points from the previous canonical record. The canonical action is cut."
decision-IN-RBI-policy_repo_rate-2016-10-04,decision-2016-10-04-reuters,IN:RBI:policy_repo_rate:2016-10-04,IN,India,Reserve Bank of India,RBI,,Repo Rate,policy_repo_rate,historical_rate_observation,historical_rate_observation_date,,2016-10-04,2016,10,6.25,625,6.5,650,-25,cut,,true,Historical rate observation: policy repo rate 6.25%; change -25 bps; action cut.,regime-2016-10-04-2017-08-02-pause,pause,Demonetization pause,source-reuters-historical-2025,historical-rate-series,Reuters — Changes to India's repo rate since June 2000,https://www.reuters.com/world/india/changes-indias-repo-rate-since-june-2000-2025-12-05/,2025-12-05T00:00:00.000000Z,2026-08-14T10:24:42.000000Z,sha256:74557e9615be4bfa54c049e2f334bce4c5116a20e651aea2f2598cf57dfd5ae3,"[""source-reuters-historical-2025""]",1,legacy_import,historical_legacy_source,2026-08-14-v2,sha256:7c54caa01180d3018077a174f2239df9e221e520c61a31d952d6b152a16d3c26,2026-08-14T07:35:45.400000Z,1.0.0,"On 2016-10-04, the Reserve Bank of India historical policy repo-rate series records the policy repo rate at 6.25%, a change of -25 basis points from the previous canonical record. The canonical action is cut."
decision-IN-RBI-policy_repo_rate-2017-08-02,decision-2017-08-02-reuters,IN:RBI:policy_repo_rate:2017-08-02,IN,India,Reserve Bank of India,RBI,,Repo Rate,policy_repo_rate,historical_rate_observation,historical_rate_observation_date,,2017-08-02,2017,8,6.0,600,6.25,625,-25,cut,,true,Historical rate observation: policy repo rate 6.00%; change -25 bps; action cut.,regime-2017-08-02-2018-08-01-tightening,tightening,Pre-election tightening,source-reuters-historical-2025,historical-rate-series,Reuters — Changes to India's repo rate since June 2000,https://www.reuters.com/world/india/changes-indias-repo-rate-since-june-2000-2025-12-05/,2025-12-05T00:00:00.000000Z,2026-08-14T10:24:42.000000Z,sha256:74557e9615be4bfa54c049e2f334bce4c5116a20e651aea2f2598cf57dfd5ae3,"[""source-reuters-historical-2025""]",1,legacy_import,historical_legacy_source,2026-08-14-v2,sha256:7c54caa01180d3018077a174f2239df9e221e520c61a31d952d6b152a16d3c26,2026-08-14T07:35:45.400000Z,1.0.0,"On 2017-08-02, the Reserve Bank of India historical policy repo-rate series records the policy repo rate at 6.00%, a change of -25 basis points from the previous canonical record. The canonical action is cut."
decision-IN-RBI-policy_repo_rate-2018-06-06,decision-2018-06-06-reuters,IN:RBI:policy_repo_rate:2018-06-06,IN,India,Reserve Bank of India,RBI,,Repo Rate,policy_repo_rate,historical_rate_observation,historical_rate_observation_date,,2018-06-06,2018,6,6.25,625,6.0,600,25,hike,,true,Historical rate observation: policy repo rate 6.25%; change +25 bps; action hike.,regime-2017-08-02-2018-08-01-tightening,tightening,Pre-election tightening,source-reuters-historical-2025,historical-rate-series,Reuters — Changes to India's repo rate since June 2000,https://www.reuters.com/world/india/changes-indias-repo-rate-since-june-2000-2025-12-05/,2025-12-05T00:00:00.000000Z,2026-08-14T10:24:42.000000Z,sha256:74557e9615be4bfa54c049e2f334bce4c5116a20e651aea2f2598cf57dfd5ae3,"[""source-reuters-historical-2025""]",1,legacy_import,historical_legacy_source,2026-08-14-v2,sha256:7c54caa01180d3018077a174f2239df9e221e520c61a31d952d6b152a16d3c26,2026-08-14T07:35:45.400000Z,1.0.0,"On 2018-06-06, the Reserve Bank of India historical policy repo-rate series records the policy repo rate at 6.25%, a change of +25 basis points from the previous canonical record. The canonical action is hike."
decision-IN-RBI-policy_repo_rate-2018-08-01,decision-2018-08-01-reuters,IN:RBI:policy_repo_rate:2018-08-01,IN,India,Reserve Bank of India,RBI,,Repo Rate,policy_repo_rate,historical_rate_observation,historical_rate_observation_date,,2018-08-01,2018,8,6.5,650,6.25,625,25,hike,,true,Historical rate observation: policy repo rate 6.50%; change +25 bps; action hike.,regime-2018-08-01-2020-05-22-easing,easing,Das easing + COVID,source-reuters-historical-2025,historical-rate-series,Reuters — Changes to India's repo rate since June 2000,https://www.reuters.com/world/india/changes-indias-repo-rate-since-june-2000-2025-12-05/,2025-12-05T00:00:00.000000Z,2026-08-14T10:24:42.000000Z,sha256:74557e9615be4bfa54c049e2f334bce4c5116a20e651aea2f2598cf57dfd5ae3,"[""source-reuters-historical-2025""]",1,legacy_import,historical_legacy_source,2026-08-14-v2,sha256:7c54caa01180d3018077a174f2239df9e221e520c61a31d952d6b152a16d3c26,2026-08-14T07:35:45.400000Z,1.0.0,"On 2018-08-01, the Reserve Bank of India historical policy repo-rate series records the policy repo rate at 6.50%, a change of +25 basis points from the previous canonical record. The canonical action is hike."
decision-IN-RBI-policy_repo_rate-2019-02-07,decision-2019-02-07-reuters,IN:RBI:policy_repo_rate:2019-02-07,IN,India,Reserve Bank of India,RBI,,Repo Rate,policy_repo_rate,historical_rate_observation,historical_rate_observation_date,,2019-02-07,2019,2,6.25,625,6.5,650,-25,cut,,true,Historical rate observation: policy repo rate 6.25%; change -25 bps; action cut.,regime-2018-08-01-2020-05-22-easing,easing,Das easing + COVID,source-reuters-historical-2025,historical-rate-series,Reuters — Changes to India's repo rate since June 2000,https://www.reuters.com/world/india/changes-indias-repo-rate-since-june-2000-2025-12-05/,2025-12-05T00:00:00.000000Z,2026-08-14T10:24:42.000000Z,sha256:74557e9615be4bfa54c049e2f334bce4c5116a20e651aea2f2598cf57dfd5ae3,"[""source-reuters-historical-2025""]",1,legacy_import,historical_legacy_source,2026-08-14-v2,sha256:7c54caa01180d3018077a174f2239df9e221e520c61a31d952d6b152a16d3c26,2026-08-14T07:35:45.400000Z,1.0.0,"On 2019-02-07, the Reserve Bank of India historical policy repo-rate series records the policy repo rate at 6.25%, a change of -25 basis points from the previous canonical record. The canonical action is cut."
decision-IN-RBI-policy_repo_rate-2019-04-04,decision-2019-04-04-reuters,IN:RBI:policy_repo_rate:2019-04-04,IN,India,Reserve Bank of India,RBI,,Repo Rate,policy_repo_rate,historical_rate_observation,historical_rate_observation_date,,2019-04-04,2019,4,6.0,600,6.25,625,-25,cut,,true,Historical rate observation: policy repo rate 6.00%; change -25 bps; action cut.,regime-2018-08-01-2020-05-22-easing,easing,Das easing + COVID,source-reuters-historical-2025,historical-rate-series,Reuters — Changes to India's repo rate since June 2000,https://www.reuters.com/world/india/changes-indias-repo-rate-since-june-2000-2025-12-05/,2025-12-05T00:00:00.000000Z,2026-08-14T10:24:42.000000Z,sha256:74557e9615be4bfa54c049e2f334bce4c5116a20e651aea2f2598cf57dfd5ae3,"[""source-reuters-historical-2025""]",1,legacy_import,historical_legacy_source,2026-08-14-v2,sha256:7c54caa01180d3018077a174f2239df9e221e520c61a31d952d6b152a16d3c26,2026-08-14T07:35:45.400000Z,1.0.0,"On 2019-04-04, the Reserve Bank of India historical policy repo-rate series records the policy repo rate at 6.00%, a change of -25 basis points from the previous canonical record. The canonical action is cut."
decision-IN-RBI-policy_repo_rate-2019-06-06,decision-2019-06-06-reuters,IN:RBI:policy_repo_rate:2019-06-06,IN,India,Reserve Bank of India,RBI,,Repo Rate,policy_repo_rate,historical_rate_observation,historical_rate_observation_date,,2019-06-06,2019,6,5.75,575,6.0,600,-25,cut,,true,Historical rate observation: policy repo rate 5.75%; change -25 bps; action cut.,regime-2018-08-01-2020-05-22-easing,easing,Das easing + COVID,source-reuters-historical-2025,historical-rate-series,Reuters — Changes to India's repo rate since June 2000,https://www.reuters.com/world/india/changes-indias-repo-rate-since-june-2000-2025-12-05/,2025-12-05T00:00:00.000000Z,2026-08-14T10:24:42.000000Z,sha256:74557e9615be4bfa54c049e2f334bce4c5116a20e651aea2f2598cf57dfd5ae3,"[""source-reuters-historical-2025""]",1,legacy_import,historical_legacy_source,2026-08-14-v2,sha256:7c54caa01180d3018077a174f2239df9e221e520c61a31d952d6b152a16d3c26,2026-08-14T07:35:45.400000Z,1.0.0,"On 2019-06-06, the Reserve Bank of India historical policy repo-rate series records the policy repo rate at 5.75%, a change of -25 basis points from the previous canonical record. The canonical action is cut."
decision-IN-RBI-policy_repo_rate-2019-08-07,decision-2019-08-07-reuters,IN:RBI:policy_repo_rate:2019-08-07,IN,India,Reserve Bank of India,RBI,,Repo Rate,policy_repo_rate,historical_rate_observation,historical_rate_observation_date,,2019-08-07,2019,8,5.4,540,5.75,575,-35,cut,,true,Historical rate observation: policy repo rate 5.40%; change -35 bps; action cut.,regime-2018-08-01-2020-05-22-easing,easing,Das easing + COVID,source-reuters-historical-2025,historical-rate-series,Reuters — Changes to India's repo rate since June 2000,https://www.reuters.com/world/india/changes-indias-repo-rate-since-june-2000-2025-12-05/,2025-12-05T00:00:00.000000Z,2026-08-14T10:24:42.000000Z,sha256:74557e9615be4bfa54c049e2f334bce4c5116a20e651aea2f2598cf57dfd5ae3,"[""source-reuters-historical-2025""]",1,legacy_import,historical_legacy_source,2026-08-14-v2,sha256:7c54caa01180d3018077a174f2239df9e221e520c61a31d952d6b152a16d3c26,2026-08-14T07:35:45.400000Z,1.0.0,"On 2019-08-07, the Reserve Bank of India historical policy repo-rate series records the policy repo rate at 5.40%, a change of -35 basis points from the previous canonical record. The canonical action is cut."
decision-IN-RBI-policy_repo_rate-2019-10-04,decision-2019-10-04-reuters,IN:RBI:policy_repo_rate:2019-10-04,IN,India,Reserve Bank of India,RBI,,Repo Rate,policy_repo_rate,historical_rate_observation,historical_rate_observation_date,,2019-10-04,2019,10,5.15,515,5.4,540,-25,cut,,true,Historical rate observation: policy repo rate 5.15%; change -25 bps; action cut.,regime-2018-08-01-2020-05-22-easing,easing,Das easing + COVID,source-reuters-historical-2025,historical-rate-series,Reuters — Changes to India's repo rate since June 2000,https://www.reuters.com/world/india/changes-indias-repo-rate-since-june-2000-2025-12-05/,2025-12-05T00:00:00.000000Z,2026-08-14T10:24:42.000000Z,sha256:74557e9615be4bfa54c049e2f334bce4c5116a20e651aea2f2598cf57dfd5ae3,"[""source-reuters-historical-2025""]",1,legacy_import,historical_legacy_source,2026-08-14-v2,sha256:7c54caa01180d3018077a174f2239df9e221e520c61a31d952d6b152a16d3c26,2026-08-14T07:35:45.400000Z,1.0.0,"On 2019-10-04, the Reserve Bank of India historical policy repo-rate series records the policy repo rate at 5.15%, a change of -25 basis points from the previous canonical record. The canonical action is cut."
decision-IN-RBI-policy_repo_rate-2019-12-05,decision-2019-12-05-reuters,IN:RBI:policy_repo_rate:2019-12-05,IN,India,Reserve Bank of India,RBI,,Repo Rate,policy_repo_rate,historical_rate_observation,historical_rate_observation_date,,2019-12-05,2019,12,5.15,515,5.15,515,0,hold,,false,Historical rate observation: policy repo rate 5.15%; change 0 bps; action hold.,regime-2018-08-01-2020-05-22-easing,easing,Das easing + COVID,source-reuters-historical-2025,historical-rate-series,Reuters — Changes to India's repo rate since June 2000,https://www.reuters.com/world/india/changes-indias-repo-rate-since-june-2000-2025-12-05/,2025-12-05T00:00:00.000000Z,2026-08-14T10:24:42.000000Z,sha256:74557e9615be4bfa54c049e2f334bce4c5116a20e651aea2f2598cf57dfd5ae3,"[""source-reuters-historical-2025""]",1,legacy_import,historical_legacy_source,2026-08-14-v2,sha256:7c54caa01180d3018077a174f2239df9e221e520c61a31d952d6b152a16d3c26,2026-08-14T07:35:45.400000Z,1.0.0,"On 2019-12-05, the Reserve Bank of India historical policy repo-rate series records the policy repo rate at 5.15%, a change of 0 basis points from the previous canonical record. The canonical action is hold."
decision-IN-RBI-policy_repo_rate-2020-02-06,decision-2020-02-06-reuters,IN:RBI:policy_repo_rate:2020-02-06,IN,India,Reserve Bank of India,RBI,,Repo Rate,policy_repo_rate,historical_rate_observation,historical_rate_observation_date,,2020-02-06,2020,2,5.15,515,5.15,515,0,hold,,false,Historical rate observation: policy repo rate 5.15%; change 0 bps; action hold.,regime-2018-08-01-2020-05-22-easing,easing,Das easing + COVID,source-reuters-historical-2025,historical-rate-series,Reuters — Changes to India's repo rate since June 2000,https://www.reuters.com/world/india/changes-indias-repo-rate-since-june-2000-2025-12-05/,2025-12-05T00:00:00.000000Z,2026-08-14T10:24:42.000000Z,sha256:74557e9615be4bfa54c049e2f334bce4c5116a20e651aea2f2598cf57dfd5ae3,"[""source-reuters-historical-2025""]",1,legacy_import,historical_legacy_source,2026-08-14-v2,sha256:7c54caa01180d3018077a174f2239df9e221e520c61a31d952d6b152a16d3c26,2026-08-14T07:35:45.400000Z,1.0.0,"On 2020-02-06, the Reserve Bank of India historical policy repo-rate series records the policy repo rate at 5.15%, a change of 0 basis points from the previous canonical record. The canonical action is hold."
decision-IN-RBI-policy_repo_rate-2020-03-27,decision-2020-03-27-reuters,IN:RBI:policy_repo_rate:2020-03-27,IN,India,Reserve Bank of India,RBI,,Repo Rate,policy_repo_rate,historical_rate_observation,historical_rate_observation_date,,2020-03-27,2020,3,4.4,440,5.15,515,-75,cut,,true,Historical rate observation: policy repo rate 4.40%; change -75 bps; action cut.,regime-2018-08-01-2020-05-22-easing,easing,Das easing + COVID,source-reuters-historical-2025,historical-rate-series,Reuters — Changes to India's repo rate since June 2000,https://www.reuters.com/world/india/changes-indias-repo-rate-since-june-2000-2025-12-05/,2025-12-05T00:00:00.000000Z,2026-08-14T10:24:42.000000Z,sha256:74557e9615be4bfa54c049e2f334bce4c5116a20e651aea2f2598cf57dfd5ae3,"[""source-reuters-historical-2025""]",1,legacy_import,historical_legacy_source,2026-08-14-v2,sha256:7c54caa01180d3018077a174f2239df9e221e520c61a31d952d6b152a16d3c26,2026-08-14T07:35:45.400000Z,1.0.0,"On 2020-03-27, the Reserve Bank of India historical policy repo-rate series records the policy repo rate at 4.40%, a change of -75 basis points from the previous canonical record. The canonical action is cut."
decision-IN-RBI-policy_repo_rate-2020-05-22,decision-2020-05-22-reuters,IN:RBI:policy_repo_rate:2020-05-22,IN,India,Reserve Bank of India,RBI,,Repo Rate,policy_repo_rate,historical_rate_observation,historical_rate_observation_date,,2020-05-22,2020,5,4.0,400,4.4,440,-40,cut,,true,Historical rate observation: policy repo rate 4.00%; change -40 bps; action cut.,regime-2020-05-22-2022-05-04-pause,pause,COVID hold at record low,source-reuters-historical-2025,historical-rate-series,Reuters — Changes to India's repo rate since June 2000,https://www.reuters.com/world/india/changes-indias-repo-rate-since-june-2000-2025-12-05/,2025-12-05T00:00:00.000000Z,2026-08-14T10:24:42.000000Z,sha256:74557e9615be4bfa54c049e2f334bce4c5116a20e651aea2f2598cf57dfd5ae3,"[""source-reuters-historical-2025""]",1,legacy_import,historical_legacy_source,2026-08-14-v2,sha256:7c54caa01180d3018077a174f2239df9e221e520c61a31d952d6b152a16d3c26,2026-08-14T07:35:45.400000Z,1.0.0,"On 2020-05-22, the Reserve Bank of India historical policy repo-rate series records the policy repo rate at 4.00%, a change of -40 basis points from the previous canonical record. The canonical action is cut."
decision-IN-RBI-policy_repo_rate-2022-05-04,decision-2022-05-04-reuters,IN:RBI:policy_repo_rate:2022-05-04,IN,India,Reserve Bank of India,RBI,,Repo Rate,policy_repo_rate,historical_rate_observation,historical_rate_observation_date,,2022-05-04,2022,5,4.4,440,4.0,400,40,hike,,true,Historical rate observation: policy repo rate 4.40%; change +40 bps; action hike.,regime-2022-05-04-2023-02-08-tightening,tightening,Inflation tightening,source-reuters-historical-2025,historical-rate-series,Reuters — Changes to India's repo rate since June 2000,https://www.reuters.com/world/india/changes-indias-repo-rate-since-june-2000-2025-12-05/,2025-12-05T00:00:00.000000Z,2026-08-14T10:24:42.000000Z,sha256:74557e9615be4bfa54c049e2f334bce4c5116a20e651aea2f2598cf57dfd5ae3,"[""source-reuters-historical-2025""]",1,legacy_import,historical_legacy_source,2026-08-14-v2,sha256:7c54caa01180d3018077a174f2239df9e221e520c61a31d952d6b152a16d3c26,2026-08-14T07:35:45.400000Z,1.0.0,"On 2022-05-04, the Reserve Bank of India historical policy repo-rate series records the policy repo rate at 4.40%, a change of +40 basis points from the previous canonical record. The canonical action is hike."
decision-IN-RBI-policy_repo_rate-2022-06-08,decision-2022-06-08-reuters,IN:RBI:policy_repo_rate:2022-06-08,IN,India,Reserve Bank of India,RBI,,Repo Rate,policy_repo_rate,historical_rate_observation,historical_rate_observation_date,,2022-06-08,2022,6,4.9,490,4.4,440,50,hike,,true,Historical rate observation: policy repo rate 4.90%; change +50 bps; action hike.,regime-2022-05-04-2023-02-08-tightening,tightening,Inflation tightening,source-reuters-historical-2025,historical-rate-series,Reuters — Changes to India's repo rate since June 2000,https://www.reuters.com/world/india/changes-indias-repo-rate-since-june-2000-2025-12-05/,2025-12-05T00:00:00.000000Z,2026-08-14T10:24:42.000000Z,sha256:74557e9615be4bfa54c049e2f334bce4c5116a20e651aea2f2598cf57dfd5ae3,"[""source-reuters-historical-2025""]",1,legacy_import,historical_legacy_source,2026-08-14-v2,sha256:7c54caa01180d3018077a174f2239df9e221e520c61a31d952d6b152a16d3c26,2026-08-14T07:35:45.400000Z,1.0.0,"On 2022-06-08, the Reserve Bank of India historical policy repo-rate series records the policy repo rate at 4.90%, a change of +50 basis points from the previous canonical record. The canonical action is hike."
decision-IN-RBI-policy_repo_rate-2022-08-05,decision-2022-08-05-reuters,IN:RBI:policy_repo_rate:2022-08-05,IN,India,Reserve Bank of India,RBI,,Repo Rate,policy_repo_rate,historical_rate_observation,historical_rate_observation_date,,2022-08-05,2022,8,5.4,540,4.9,490,50,hike,,true,Historical rate observation: policy repo rate 5.40%; change +50 bps; action hike.,regime-2022-05-04-2023-02-08-tightening,tightening,Inflation tightening,source-reuters-historical-2025,historical-rate-series,Reuters — Changes to India's repo rate since June 2000,https://www.reuters.com/world/india/changes-indias-repo-rate-since-june-2000-2025-12-05/,2025-12-05T00:00:00.000000Z,2026-08-14T10:24:42.000000Z,sha256:74557e9615be4bfa54c049e2f334bce4c5116a20e651aea2f2598cf57dfd5ae3,"[""source-reuters-historical-2025""]",1,legacy_import,historical_legacy_source,2026-08-14-v2,sha256:7c54caa01180d3018077a174f2239df9e221e520c61a31d952d6b152a16d3c26,2026-08-14T07:35:45.400000Z,1.0.0,"On 2022-08-05, the Reserve Bank of India historical policy repo-rate series records the policy repo rate at 5.40%, a change of +50 basis points from the previous canonical record. The canonical action is hike."
decision-IN-RBI-policy_repo_rate-2022-09-30,decision-2022-09-30-reuters,IN:RBI:policy_repo_rate:2022-09-30,IN,India,Reserve Bank of India,RBI,,Repo Rate,policy_repo_rate,historical_rate_observation,historical_rate_observation_date,,2022-09-30,2022,9,5.9,590,5.4,540,50,hike,,true,Historical rate observation: policy repo rate 5.90%; change +50 bps; action hike.,regime-2022-05-04-2023-02-08-tightening,tightening,Inflation tightening,source-reuters-historical-2025,historical-rate-series,Reuters — Changes to India's repo rate since June 2000,https://www.reuters.com/world/india/changes-indias-repo-rate-since-june-2000-2025-12-05/,2025-12-05T00:00:00.000000Z,2026-08-14T10:24:42.000000Z,sha256:74557e9615be4bfa54c049e2f334bce4c5116a20e651aea2f2598cf57dfd5ae3,"[""source-reuters-historical-2025""]",1,legacy_import,historical_legacy_source,2026-08-14-v2,sha256:7c54caa01180d3018077a174f2239df9e221e520c61a31d952d6b152a16d3c26,2026-08-14T07:35:45.400000Z,1.0.0,"On 2022-09-30, the Reserve Bank of India historical policy repo-rate series records the policy repo rate at 5.90%, a change of +50 basis points from the previous canonical record. The canonical action is hike."
decision-IN-RBI-policy_repo_rate-2022-12-07,decision-2022-12-07-reuters,IN:RBI:policy_repo_rate:2022-12-07,IN,India,Reserve Bank of India,RBI,,Repo Rate,policy_repo_rate,historical_rate_observation,historical_rate_observation_date,,2022-12-07,2022,12,6.25,625,5.9,590,35,hike,,true,Historical rate observation: policy repo rate 6.25%; change +35 bps; action hike.,regime-2022-05-04-2023-02-08-tightening,tightening,Inflation tightening,source-reuters-historical-2025,historical-rate-series,Reuters — Changes to India's repo rate since June 2000,https://www.reuters.com/world/india/changes-indias-repo-rate-since-june-2000-2025-12-05/,2025-12-05T00:00:00.000000Z,2026-08-14T10:24:42.000000Z,sha256:74557e9615be4bfa54c049e2f334bce4c5116a20e651aea2f2598cf57dfd5ae3,"[""source-reuters-historical-2025""]",1,legacy_import,historical_legacy_source,2026-08-14-v2,sha256:7c54caa01180d3018077a174f2239df9e221e520c61a31d952d6b152a16d3c26,2026-08-14T07:35:45.400000Z,1.0.0,"On 2022-12-07, the Reserve Bank of India historical policy repo-rate series records the policy repo rate at 6.25%, a change of +35 basis points from the previous canonical record. The canonical action is hike."
decision-IN-RBI-policy_repo_rate-2023-02-08,decision-2023-02-08-reuters,IN:RBI:policy_repo_rate:2023-02-08,IN,India,Reserve Bank of India,RBI,,Repo Rate,policy_repo_rate,historical_rate_observation,historical_rate_observation_date,,2023-02-08,2023,2,6.5,650,6.25,625,25,hike,,true,Historical rate observation: policy repo rate 6.50%; change +25 bps; action hike.,regime-2023-02-08-2025-02-07-pause,pause,Extended pause at 6.50%,source-reuters-historical-2025,historical-rate-series,Reuters — Changes to India's repo rate since June 2000,https://www.reuters.com/world/india/changes-indias-repo-rate-since-june-2000-2025-12-05/,2025-12-05T00:00:00.000000Z,2026-08-14T10:24:42.000000Z,sha256:74557e9615be4bfa54c049e2f334bce4c5116a20e651aea2f2598cf57dfd5ae3,"[""source-reuters-historical-2025""]",1,legacy_import,historical_legacy_source,2026-08-14-v2,sha256:7c54caa01180d3018077a174f2239df9e221e520c61a31d952d6b152a16d3c26,2026-08-14T07:35:45.400000Z,1.0.0,"On 2023-02-08, the Reserve Bank of India historical policy repo-rate series records the policy repo rate at 6.50%, a change of +25 basis points from the previous canonical record. The canonical action is hike."
decision-IN-RBI-policy_repo_rate-2023-04-06,decision-2023-04-06-reuters,IN:RBI:policy_repo_rate:2023-04-06,IN,India,Reserve Bank of India,RBI,,Repo Rate,policy_repo_rate,historical_rate_observation,historical_rate_observation_date,,2023-04-06,2023,4,6.5,650,6.5,650,0,hold,,false,Historical rate observation: policy repo rate 6.50%; change 0 bps; action hold.,regime-2023-02-08-2025-02-07-pause,pause,Extended pause at 6.50%,source-reuters-historical-2025,historical-rate-series,Reuters — Changes to India's repo rate since June 2000,https://www.reuters.com/world/india/changes-indias-repo-rate-since-june-2000-2025-12-05/,2025-12-05T00:00:00.000000Z,2026-08-14T10:24:42.000000Z,sha256:74557e9615be4bfa54c049e2f334bce4c5116a20e651aea2f2598cf57dfd5ae3,"[""source-reuters-historical-2025""]",1,legacy_import,historical_legacy_source,2026-08-14-v2,sha256:7c54caa01180d3018077a174f2239df9e221e520c61a31d952d6b152a16d3c26,2026-08-14T07:35:45.400000Z,1.0.0,"On 2023-04-06, the Reserve Bank of India historical policy repo-rate series records the policy repo rate at 6.50%, a change of 0 basis points from the previous canonical record. The canonical action is hold."
decision-IN-RBI-policy_repo_rate-2023-06-08,decision-2023-06-08-reuters,IN:RBI:policy_repo_rate:2023-06-08,IN,India,Reserve Bank of India,RBI,,Repo Rate,policy_repo_rate,historical_rate_observation,historical_rate_observation_date,,2023-06-08,2023,6,6.5,650,6.5,650,0,hold,,false,Historical rate observation: policy repo rate 6.50%; change 0 bps; action hold.,regime-2023-02-08-2025-02-07-pause,pause,Extended pause at 6.50%,source-reuters-historical-2025,historical-rate-series,Reuters — Changes to India's repo rate since June 2000,https://www.reuters.com/world/india/changes-indias-repo-rate-since-june-2000-2025-12-05/,2025-12-05T00:00:00.000000Z,2026-08-14T10:24:42.000000Z,sha256:74557e9615be4bfa54c049e2f334bce4c5116a20e651aea2f2598cf57dfd5ae3,"[""source-reuters-historical-2025""]",1,legacy_import,historical_legacy_source,2026-08-14-v2,sha256:7c54caa01180d3018077a174f2239df9e221e520c61a31d952d6b152a16d3c26,2026-08-14T07:35:45.400000Z,1.0.0,"On 2023-06-08, the Reserve Bank of India historical policy repo-rate series records the policy repo rate at 6.50%, a change of 0 basis points from the previous canonical record. The canonical action is hold."
decision-IN-RBI-policy_repo_rate-2023-10-06,decision-2023-10-06-reuters,IN:RBI:policy_repo_rate:2023-10-06,IN,India,Reserve Bank of India,RBI,,Repo Rate,policy_repo_rate,historical_rate_observation,historical_rate_observation_date,,2023-10-06,2023,10,6.5,650,6.5,650,0,hold,,false,Historical rate observation: policy repo rate 6.50%; change 0 bps; action hold.,regime-2023-02-08-2025-02-07-pause,pause,Extended pause at 6.50%,source-reuters-historical-2025,historical-rate-series,Reuters — Changes to India's repo rate since June 2000,https://www.reuters.com/world/india/changes-indias-repo-rate-since-june-2000-2025-12-05/,2025-12-05T00:00:00.000000Z,2026-08-14T10:24:42.000000Z,sha256:74557e9615be4bfa54c049e2f334bce4c5116a20e651aea2f2598cf57dfd5ae3,"[""source-reuters-historical-2025""]",1,legacy_import,historical_legacy_source,2026-08-14-v2,sha256:7c54caa01180d3018077a174f2239df9e221e520c61a31d952d6b152a16d3c26,2026-08-14T07:35:45.400000Z,1.0.0,"On 2023-10-06, the Reserve Bank of India historical policy repo-rate series records the policy repo rate at 6.50%, a change of 0 basis points from the previous canonical record. The canonical action is hold."
decision-IN-RBI-policy_repo_rate-2023-12-08,decision-2023-12-08-reuters,IN:RBI:policy_repo_rate:2023-12-08,IN,India,Reserve Bank of India,RBI,,Repo Rate,policy_repo_rate,historical_rate_observation,historical_rate_observation_date,,2023-12-08,2023,12,6.5,650,6.5,650,0,hold,,false,Historical rate observation: policy repo rate 6.50%; change 0 bps; action hold.,regime-2023-02-08-2025-02-07-pause,pause,Extended pause at 6.50%,source-reuters-historical-2025,historical-rate-series,Reuters — Changes to India's repo rate since June 2000,https://www.reuters.com/world/india/changes-indias-repo-rate-since-june-2000-2025-12-05/,2025-12-05T00:00:00.000000Z,2026-08-14T10:24:42.000000Z,sha256:74557e9615be4bfa54c049e2f334bce4c5116a20e651aea2f2598cf57dfd5ae3,"[""source-reuters-historical-2025""]",1,legacy_import,historical_legacy_source,2026-08-14-v2,sha256:7c54caa01180d3018077a174f2239df9e221e520c61a31d952d6b152a16d3c26,2026-08-14T07:35:45.400000Z,1.0.0,"On 2023-12-08, the Reserve Bank of India historical policy repo-rate series records the policy repo rate at 6.50%, a change of 0 basis points from the previous canonical record. The canonical action is hold."
decision-IN-RBI-policy_repo_rate-2024-02-08,decision-2024-02-08-reuters,IN:RBI:policy_repo_rate:2024-02-08,IN,India,Reserve Bank of India,RBI,,Repo Rate,policy_repo_rate,historical_rate_observation,historical_rate_observation_date,,2024-02-08,2024,2,6.5,650,6.5,650,0,hold,,false,Historical rate observation: policy repo rate 6.50%; change 0 bps; action hold.,regime-2023-02-08-2025-02-07-pause,pause,Extended pause at 6.50%,source-reuters-historical-2025,historical-rate-series,Reuters — Changes to India's repo rate since June 2000,https://www.reuters.com/world/india/changes-indias-repo-rate-since-june-2000-2025-12-05/,2025-12-05T00:00:00.000000Z,2026-08-14T10:24:42.000000Z,sha256:74557e9615be4bfa54c049e2f334bce4c5116a20e651aea2f2598cf57dfd5ae3,"[""source-reuters-historical-2025""]",1,legacy_import,historical_legacy_source,2026-08-14-v2,sha256:7c54caa01180d3018077a174f2239df9e221e520c61a31d952d6b152a16d3c26,2026-08-14T07:35:45.400000Z,1.0.0,"On 2024-02-08, the Reserve Bank of India historical policy repo-rate series records the policy repo rate at 6.50%, a change of 0 basis points from the previous canonical record. The canonical action is hold."
decision-IN-RBI-policy_repo_rate-2024-04-05,decision-2024-04-05-reuters,IN:RBI:policy_repo_rate:2024-04-05,IN,India,Reserve Bank of India,RBI,,Repo Rate,policy_repo_rate,historical_rate_observation,historical_rate_observation_date,,2024-04-05,2024,4,6.5,650,6.5,650,0,hold,,false,Historical rate observation: policy repo rate 6.50%; change 0 bps; action hold.,regime-2023-02-08-2025-02-07-pause,pause,Extended pause at 6.50%,source-reuters-historical-2025,historical-rate-series,Reuters — Changes to India's repo rate since June 2000,https://www.reuters.com/world/india/changes-indias-repo-rate-since-june-2000-2025-12-05/,2025-12-05T00:00:00.000000Z,2026-08-14T10:24:42.000000Z,sha256:74557e9615be4bfa54c049e2f334bce4c5116a20e651aea2f2598cf57dfd5ae3,"[""source-reuters-historical-2025""]",1,legacy_import,historical_legacy_source,2026-08-14-v2,sha256:7c54caa01180d3018077a174f2239df9e221e520c61a31d952d6b152a16d3c26,2026-08-14T07:35:45.400000Z,1.0.0,"On 2024-04-05, the Reserve Bank of India historical policy repo-rate series records the policy repo rate at 6.50%, a change of 0 basis points from the previous canonical record. The canonical action is hold."
decision-IN-RBI-policy_repo_rate-2024-06-07,decision-2024-06-07-reuters,IN:RBI:policy_repo_rate:2024-06-07,IN,India,Reserve Bank of India,RBI,,Repo Rate,policy_repo_rate,historical_rate_observation,historical_rate_observation_date,,2024-06-07,2024,6,6.5,650,6.5,650,0,hold,,false,Historical rate observation: policy repo rate 6.50%; change 0 bps; action hold.,regime-2023-02-08-2025-02-07-pause,pause,Extended pause at 6.50%,source-reuters-historical-2025,historical-rate-series,Reuters — Changes to India's repo rate since June 2000,https://www.reuters.com/world/india/changes-indias-repo-rate-since-june-2000-2025-12-05/,2025-12-05T00:00:00.000000Z,2026-08-14T10:24:42.000000Z,sha256:74557e9615be4bfa54c049e2f334bce4c5116a20e651aea2f2598cf57dfd5ae3,"[""source-reuters-historical-2025""]",1,legacy_import,historical_legacy_source,2026-08-14-v2,sha256:7c54caa01180d3018077a174f2239df9e221e520c61a31d952d6b152a16d3c26,2026-08-14T07:35:45.400000Z,1.0.0,"On 2024-06-07, the Reserve Bank of India historical policy repo-rate series records the policy repo rate at 6.50%, a change of 0 basis points from the previous canonical record. The canonical action is hold."
decision-IN-RBI-policy_repo_rate-2024-08-08,decision-2024-08-08-reuters,IN:RBI:policy_repo_rate:2024-08-08,IN,India,Reserve Bank of India,RBI,,Repo Rate,policy_repo_rate,historical_rate_observation,historical_rate_observation_date,,2024-08-08,2024,8,6.5,650,6.5,650,0,hold,,false,Historical rate observation: policy repo rate 6.50%; change 0 bps; action hold.,regime-2023-02-08-2025-02-07-pause,pause,Extended pause at 6.50%,source-reuters-historical-2025,historical-rate-series,Reuters — Changes to India's repo rate since June 2000,https://www.reuters.com/world/india/changes-indias-repo-rate-since-june-2000-2025-12-05/,2025-12-05T00:00:00.000000Z,2026-08-14T10:24:42.000000Z,sha256:74557e9615be4bfa54c049e2f334bce4c5116a20e651aea2f2598cf57dfd5ae3,"[""source-reuters-historical-2025""]",1,legacy_import,historical_legacy_source,2026-08-14-v2,sha256:7c54caa01180d3018077a174f2239df9e221e520c61a31d952d6b152a16d3c26,2026-08-14T07:35:45.400000Z,1.0.0,"On 2024-08-08, the Reserve Bank of India historical policy repo-rate series records the policy repo rate at 6.50%, a change of 0 basis points from the previous canonical record. The canonical action is hold."
decision-IN-RBI-policy_repo_rate-2024-10-09,decision-2024-10-09-reuters,IN:RBI:policy_repo_rate:2024-10-09,IN,India,Reserve Bank of India,RBI,,Repo Rate,policy_repo_rate,historical_rate_observation,historical_rate_observation_date,,2024-10-09,2024,10,6.5,650,6.5,650,0,hold,,false,Historical rate observation: policy repo rate 6.50%; change 0 bps; action hold.,regime-2023-02-08-2025-02-07-pause,pause,Extended pause at 6.50%,source-reuters-historical-2025,historical-rate-series,Reuters — Changes to India's repo rate since June 2000,https://www.reuters.com/world/india/changes-indias-repo-rate-since-june-2000-2025-12-05/,2025-12-05T00:00:00.000000Z,2026-08-14T10:24:42.000000Z,sha256:74557e9615be4bfa54c049e2f334bce4c5116a20e651aea2f2598cf57dfd5ae3,"[""source-reuters-historical-2025""]",1,legacy_import,historical_legacy_source,2026-08-14-v2,sha256:7c54caa01180d3018077a174f2239df9e221e520c61a31d952d6b152a16d3c26,2026-08-14T07:35:45.400000Z,1.0.0,"On 2024-10-09, the Reserve Bank of India historical policy repo-rate series records the policy repo rate at 6.50%, a change of 0 basis points from the previous canonical record. The canonical action is hold."
decision-IN-RBI-policy_repo_rate-2024-12-06,decision-2024-12-06-reuters,IN:RBI:policy_repo_rate:2024-12-06,IN,India,Reserve Bank of India,RBI,,Repo Rate,policy_repo_rate,historical_rate_observation,historical_rate_observation_date,,2024-12-06,2024,12,6.5,650,6.5,650,0,hold,,false,Historical rate observation: policy repo rate 6.50%; change 0 bps; action hold.,regime-2023-02-08-2025-02-07-pause,pause,Extended pause at 6.50%,source-reuters-historical-2025,historical-rate-series,Reuters — Changes to India's repo rate since June 2000,https://www.reuters.com/world/india/changes-indias-repo-rate-since-june-2000-2025-12-05/,2025-12-05T00:00:00.000000Z,2026-08-14T10:24:42.000000Z,sha256:74557e9615be4bfa54c049e2f334bce4c5116a20e651aea2f2598cf57dfd5ae3,"[""source-reuters-historical-2025""]",1,legacy_import,historical_legacy_source,2026-08-14-v2,sha256:7c54caa01180d3018077a174f2239df9e221e520c61a31d952d6b152a16d3c26,2026-08-14T07:35:45.400000Z,1.0.0,"On 2024-12-06, the Reserve Bank of India historical policy repo-rate series records the policy repo rate at 6.50%, a change of 0 basis points from the previous canonical record. The canonical action is hold."
decision-IN-RBI-policy_repo_rate-2025-02-07,decision-2025-02-07-reuters,IN:RBI:policy_repo_rate:2025-02-07,IN,India,Reserve Bank of India,RBI,,Repo Rate,policy_repo_rate,historical_rate_observation,historical_rate_observation_date,,2025-02-07,2025,2,6.25,625,6.5,650,-25,cut,,true,Historical rate observation: policy repo rate 6.25%; change -25 bps; action cut.,regime-2025-02-07-2025-12-05-easing,easing,New easing cycle,source-reuters-historical-2025,historical-rate-series,Reuters — Changes to India's repo rate since June 2000,https://www.reuters.com/world/india/changes-indias-repo-rate-since-june-2000-2025-12-05/,2025-12-05T00:00:00.000000Z,2026-08-14T10:24:42.000000Z,sha256:74557e9615be4bfa54c049e2f334bce4c5116a20e651aea2f2598cf57dfd5ae3,"[""source-reuters-historical-2025""]",1,legacy_import,historical_legacy_source,2026-08-14-v2,sha256:7c54caa01180d3018077a174f2239df9e221e520c61a31d952d6b152a16d3c26,2026-08-14T07:35:45.400000Z,1.0.0,"On 2025-02-07, the Reserve Bank of India historical policy repo-rate series records the policy repo rate at 6.25%, a change of -25 basis points from the previous canonical record. The canonical action is cut."
decision-IN-RBI-policy_repo_rate-2025-04-09,decision-2025-04-09-reuters,IN:RBI:policy_repo_rate:2025-04-09,IN,India,Reserve Bank of India,RBI,,Repo Rate,policy_repo_rate,historical_rate_observation,historical_rate_observation_date,,2025-04-09,2025,4,6.0,600,6.25,625,-25,cut,,true,Historical rate observation: policy repo rate 6.00%; change -25 bps; action cut.,regime-2025-02-07-2025-12-05-easing,easing,New easing cycle,source-reuters-historical-2025,historical-rate-series,Reuters — Changes to India's repo rate since June 2000,https://www.reuters.com/world/india/changes-indias-repo-rate-since-june-2000-2025-12-05/,2025-12-05T00:00:00.000000Z,2026-08-14T10:24:42.000000Z,sha256:74557e9615be4bfa54c049e2f334bce4c5116a20e651aea2f2598cf57dfd5ae3,"[""source-reuters-historical-2025""]",1,legacy_import,historical_legacy_source,2026-08-14-v2,sha256:7c54caa01180d3018077a174f2239df9e221e520c61a31d952d6b152a16d3c26,2026-08-14T07:35:45.400000Z,1.0.0,"On 2025-04-09, the Reserve Bank of India historical policy repo-rate series records the policy repo rate at 6.00%, a change of -25 basis points from the previous canonical record. The canonical action is cut."
decision-IN-RBI-policy_repo_rate-2025-06-06,decision-2025-06-06-reuters,IN:RBI:policy_repo_rate:2025-06-06,IN,India,Reserve Bank of India,RBI,,Repo Rate,policy_repo_rate,historical_rate_observation,historical_rate_observation_date,,2025-06-06,2025,6,5.5,550,6.0,600,-50,cut,,true,Historical rate observation: policy repo rate 5.50%; change -50 bps; action cut.,regime-2025-02-07-2025-12-05-easing,easing,New easing cycle,source-reuters-historical-2025,historical-rate-series,Reuters — Changes to India's repo rate since June 2000,https://www.reuters.com/world/india/changes-indias-repo-rate-since-june-2000-2025-12-05/,2025-12-05T00:00:00.000000Z,2026-08-14T10:24:42.000000Z,sha256:74557e9615be4bfa54c049e2f334bce4c5116a20e651aea2f2598cf57dfd5ae3,"[""source-reuters-historical-2025""]",1,legacy_import,historical_legacy_source,2026-08-14-v2,sha256:7c54caa01180d3018077a174f2239df9e221e520c61a31d952d6b152a16d3c26,2026-08-14T07:35:45.400000Z,1.0.0,"On 2025-06-06, the Reserve Bank of India historical policy repo-rate series records the policy repo rate at 5.50%, a change of -50 basis points from the previous canonical record. The canonical action is cut."
decision-IN-RBI-policy_repo_rate-2025-08-06,decision-2025-08-06-reuters,IN:RBI:policy_repo_rate:2025-08-06,IN,India,Reserve Bank of India,RBI,,Repo Rate,policy_repo_rate,historical_rate_observation,historical_rate_observation_date,,2025-08-06,2025,8,5.5,550,5.5,550,0,hold,,false,Historical rate observation: policy repo rate 5.50%; change 0 bps; action hold.,regime-2025-02-07-2025-12-05-easing,easing,New easing cycle,source-reuters-historical-2025,historical-rate-series,Reuters — Changes to India's repo rate since June 2000,https://www.reuters.com/world/india/changes-indias-repo-rate-since-june-2000-2025-12-05/,2025-12-05T00:00:00.000000Z,2026-08-14T10:24:42.000000Z,sha256:74557e9615be4bfa54c049e2f334bce4c5116a20e651aea2f2598cf57dfd5ae3,"[""source-reuters-historical-2025""]",1,legacy_import,historical_legacy_source,2026-08-14-v2,sha256:7c54caa01180d3018077a174f2239df9e221e520c61a31d952d6b152a16d3c26,2026-08-14T07:35:45.400000Z,1.0.0,"On 2025-08-06, the Reserve Bank of India historical policy repo-rate series records the policy repo rate at 5.50%, a change of 0 basis points from the previous canonical record. The canonical action is hold."
decision-IN-RBI-policy_repo_rate-2025-10-01,decision-2025-10-01-reuters,IN:RBI:policy_repo_rate:2025-10-01,IN,India,Reserve Bank of India,RBI,,Repo Rate,policy_repo_rate,historical_rate_observation,historical_rate_observation_date,,2025-10-01,2025,10,5.5,550,5.5,550,0,hold,,false,Historical rate observation: policy repo rate 5.50%; change 0 bps; action hold.,regime-2025-02-07-2025-12-05-easing,easing,New easing cycle,source-reuters-historical-2025,historical-rate-series,Reuters — Changes to India's repo rate since June 2000,https://www.reuters.com/world/india/changes-indias-repo-rate-since-june-2000-2025-12-05/,2025-12-05T00:00:00.000000Z,2026-08-14T10:24:42.000000Z,sha256:74557e9615be4bfa54c049e2f334bce4c5116a20e651aea2f2598cf57dfd5ae3,"[""source-reuters-historical-2025""]",1,legacy_import,historical_legacy_source,2026-08-14-v2,sha256:7c54caa01180d3018077a174f2239df9e221e520c61a31d952d6b152a16d3c26,2026-08-14T07:35:45.400000Z,1.0.0,"On 2025-10-01, the Reserve Bank of India historical policy repo-rate series records the policy repo rate at 5.50%, a change of 0 basis points from the previous canonical record. The canonical action is hold."
decision-IN-RBI-policy_repo_rate-2025-12-05,decision-2025-12-05-reuters,IN:RBI:policy_repo_rate:2025-12-05,IN,India,Reserve Bank of India,RBI,,Repo Rate,policy_repo_rate,historical_rate_observation,historical_rate_observation_date,,2025-12-05,2025,12,5.25,525,5.5,550,-25,cut,,true,Historical rate observation: policy repo rate 5.25%; change -25 bps; action cut.,,,,source-reuters-historical-2025,historical-rate-series,Reuters — Changes to India's repo rate since June 2000,https://www.reuters.com/world/india/changes-indias-repo-rate-since-june-2000-2025-12-05/,2025-12-05T00:00:00.000000Z,2026-08-14T10:24:42.000000Z,sha256:74557e9615be4bfa54c049e2f334bce4c5116a20e651aea2f2598cf57dfd5ae3,"[""source-reuters-historical-2025""]",1,legacy_import,historical_legacy_source,2026-08-14-v2,sha256:7c54caa01180d3018077a174f2239df9e221e520c61a31d952d6b152a16d3c26,2026-08-14T07:35:45.400000Z,1.0.0,"On 2025-12-05, the Reserve Bank of India historical policy repo-rate series records the policy repo rate at 5.25%, a change of -25 basis points from the previous canonical record. The canonical action is cut."
decision-IN-RBI-policy_repo_rate-2026-04-08,decision-2026-04-08-380f0b7d,IN:RBI:policy_repo_rate:2026-04-08,IN,India,Reserve Bank of India,RBI,Monetary Policy Committee,Repo Rate,policy_repo_rate,policy_decision,decision_and_effective_date,2026-04-08,2026-04-08,2026,4,5.25,525,5.25,525,0,hold,neutral,false,Policy decision: policy repo rate 5.25%; change 0 bps; action hold. Stance: neutral.,,,,source-3270380f0b7d,policy-resolution,"Monetary Policy Statement, 2026-27 Resolution of the Monetary Policy Committee April 6 to 8, 2026",https://www.rbi.org.in/Scripts/BS_PressReleaseDisplay.aspx?prid=62514,2026-04-08T00:00:00.000000Z,2026-08-14T07:35:46.758000Z,sha256:b496e9fb802c1856fe8f420a781e33d2e5f0cd34a935c4efe0eab8e6e85a09e8,"[""source-3270380f0b7d""]",1,official_primary,verified_primary_source,2026-08-14-v2,sha256:7c54caa01180d3018077a174f2239df9e221e520c61a31d952d6b152a16d3c26,2026-08-14T07:35:45.400000Z,1.0.0,"On 2026-04-08, the Reserve Bank of India Monetary Policy Committee held the policy repo rate at 5.25%, a change of 0 basis points. The monetary policy stance was neutral."
decision-IN-RBI-policy_repo_rate-2026-06-05,decision-2026-06-05-1f230add,IN:RBI:policy_repo_rate:2026-06-05,IN,India,Reserve Bank of India,RBI,Monetary Policy Committee,Repo Rate,policy_repo_rate,policy_decision,decision_and_effective_date,2026-06-05,2026-06-05,2026,6,5.25,525,5.25,525,0,hold,neutral,false,Policy decision: policy repo rate 5.25%; change 0 bps; action hold. Stance: neutral.,,,,source-5c261f230add,policy-resolution,"Monetary Policy Statement, 2026-27 Resolution of the Monetary Policy Committee June 3 to 5, 2026",https://www.rbi.org.in/Scripts/BS_PressReleaseDisplay.aspx?prid=62863,2026-06-05T00:00:00.000000Z,2026-08-14T07:35:46.878000Z,sha256:4f0aa4517ed52b67bd749fffdb012ffb89dceb4edc7b6752d36882a71529c8aa,"[""source-5c261f230add""]",1,official_primary,verified_primary_source,2026-08-14-v2,sha256:7c54caa01180d3018077a174f2239df9e221e520c61a31d952d6b152a16d3c26,2026-08-14T07:35:45.400000Z,1.0.0,"On 2026-06-05, the Reserve Bank of India Monetary Policy Committee held the policy repo rate at 5.25%, a change of 0 basis points. The monetary policy stance was neutral."
decision-IN-RBI-policy_repo_rate-2026-08-05,decision-2026-08-05-9da8f60a,IN:RBI:policy_repo_rate:2026-08-05,IN,India,Reserve Bank of India,RBI,Monetary Policy Committee,Repo Rate,policy_repo_rate,policy_decision,decision_and_effective_date,2026-08-05,2026-08-05,2026,8,5.25,525,5.25,525,0,hold,neutral,false,Policy decision: policy repo rate 5.25%; change 0 bps; action hold. Stance: neutral.,,,,source-b6c29da8f60a,policy-resolution,"Monetary Policy Statement, 2026-27 Resolution of the Monetary Policy Committee August 3 to 5, 2026",https://www.rbi.org.in/Scripts/BS_PressReleaseDisplay.aspx?prid=63287,2026-08-05T00:00:00.000000Z,2026-08-14T07:35:47.134000Z,sha256:7bcdd43453b88f1a37479103bf99248cb10ba2c4ac2184ee07c9d2fc11e16fc7,"[""source-b6c29da8f60a""]",1,official_primary,verified_primary_source,2026-08-14-v2,sha256:7c54caa01180d3018077a174f2239df9e221e520c61a31d952d6b152a16d3c26,2026-08-14T07:35:45.400000Z,1.0.0,"On 2026-08-05, the Reserve Bank of India Monetary Policy Committee held the policy repo rate at 5.25%, a change of 0 basis points. The monetary policy stance was neutral."
