country_code,country,central_bank,instrument,effective_date,level_kind,rate_pct,rate_bps,rate_low_pct,rate_high_pct,previous_rate_pct,change_bps,direction,era_id,era_basis,evidence,source_id,source_url,decision_id,release_hash,record_text
IN,India,Reserve Bank of India,Repo rate (pre-2004 usage: absorption),2000-06-05,point,9.05,905,9.05,9.05,,,initial,in-auction,observation,secondary,source-reuters-historical-2025,https://www.reuters.com/world/india/changes-indias-repo-rate-since-june-2000-2025-12-05/,,6b9bdc02c553c5cdb32c49c1a749a6e7760d2e0adcfe28990fed8b9719739060,"The RBI policy repo rate was 9.05% on 5 Jun 2000, the first point in this series."
IN,India,Reserve Bank of India,Repo rate (pre-2004 usage: absorption),2000-06-07,point,9.0,900,9.0,9.0,9.05,-5,cut,in-auction,observation,secondary,source-reuters-historical-2025,https://www.reuters.com/world/india/changes-indias-repo-rate-since-june-2000-2025-12-05/,,6b9bdc02c553c5cdb32c49c1a749a6e7760d2e0adcfe28990fed8b9719739060,"From 7 Jun 2000 the RBI repo rate (pre-2004 usage: absorption) was 9.00%, down 5 bps from 9.05%."
IN,India,Reserve Bank of India,Repo rate (pre-2004 usage: absorption),2000-06-09,point,9.05,905,9.05,9.05,9.0,5,hike,in-auction,observation,secondary,source-reuters-historical-2025,https://www.reuters.com/world/india/changes-indias-repo-rate-since-june-2000-2025-12-05/,,6b9bdc02c553c5cdb32c49c1a749a6e7760d2e0adcfe28990fed8b9719739060,"From 9 Jun 2000 the RBI repo rate (pre-2004 usage: absorption) was 9.05%, up 5 bps from 9.00%."
IN,India,Reserve Bank of India,Repo rate (pre-2004 usage: absorption),2000-06-12,point,9.25,925,9.25,9.25,9.05,20,hike,in-auction,observation,secondary,source-reuters-historical-2025,https://www.reuters.com/world/india/changes-indias-repo-rate-since-june-2000-2025-12-05/,,6b9bdc02c553c5cdb32c49c1a749a6e7760d2e0adcfe28990fed8b9719739060,"From 12 Jun 2000 the RBI repo rate (pre-2004 usage: absorption) was 9.25%, up 20 bps from 9.05%."
IN,India,Reserve Bank of India,Repo rate (pre-2004 usage: absorption),2000-06-13,point,9.55,955,9.55,9.55,9.25,30,hike,in-auction,observation,secondary,source-reuters-historical-2025,https://www.reuters.com/world/india/changes-indias-repo-rate-since-june-2000-2025-12-05/,,6b9bdc02c553c5cdb32c49c1a749a6e7760d2e0adcfe28990fed8b9719739060,"From 13 Jun 2000 the RBI repo rate (pre-2004 usage: absorption) was 9.55%, up 30 bps from 9.25%."
IN,India,Reserve Bank of India,Repo rate (pre-2004 usage: absorption),2000-06-14,point,10.85,1085,10.85,10.85,9.55,130,hike,in-auction,observation,secondary,source-reuters-historical-2025,https://www.reuters.com/world/india/changes-indias-repo-rate-since-june-2000-2025-12-05/,,6b9bdc02c553c5cdb32c49c1a749a6e7760d2e0adcfe28990fed8b9719739060,"From 14 Jun 2000 the RBI repo rate (pre-2004 usage: absorption) was 10.85%, up 130 bps from 9.55%."
IN,India,Reserve Bank of India,Repo rate (pre-2004 usage: absorption),2000-06-19,point,13.5,1350,13.5,13.5,10.85,265,hike,in-auction,observation,secondary,source-reuters-historical-2025,https://www.reuters.com/world/india/changes-indias-repo-rate-since-june-2000-2025-12-05/,,6b9bdc02c553c5cdb32c49c1a749a6e7760d2e0adcfe28990fed8b9719739060,"From 19 Jun 2000 the RBI repo rate (pre-2004 usage: absorption) was 13.50%, up 265 bps from 10.85%."
IN,India,Reserve Bank of India,Repo rate (pre-2004 usage: absorption),2000-06-20,point,14.0,1400,14.0,14.0,13.5,50,hike,in-auction,observation,secondary,source-reuters-historical-2025,https://www.reuters.com/world/india/changes-indias-repo-rate-since-june-2000-2025-12-05/,,6b9bdc02c553c5cdb32c49c1a749a6e7760d2e0adcfe28990fed8b9719739060,"From 20 Jun 2000 the RBI repo rate (pre-2004 usage: absorption) was 14.00%, up 50 bps from 13.50%."
IN,India,Reserve Bank of India,Repo rate (pre-2004 usage: absorption),2000-06-21,point,13.5,1350,13.5,13.5,14.0,-50,cut,in-auction,observation,secondary,source-reuters-historical-2025,https://www.reuters.com/world/india/changes-indias-repo-rate-since-june-2000-2025-12-05/,,6b9bdc02c553c5cdb32c49c1a749a6e7760d2e0adcfe28990fed8b9719739060,"From 21 Jun 2000 the RBI repo rate (pre-2004 usage: absorption) was 13.50%, down 50 bps from 14.00%."
IN,India,Reserve Bank of India,Repo rate (pre-2004 usage: absorption),2000-06-22,point,13.0,1300,13.0,13.0,13.5,-50,cut,in-auction,observation,secondary,source-reuters-historical-2025,https://www.reuters.com/world/india/changes-indias-repo-rate-since-june-2000-2025-12-05/,,6b9bdc02c553c5cdb32c49c1a749a6e7760d2e0adcfe28990fed8b9719739060,"From 22 Jun 2000 the RBI repo rate (pre-2004 usage: absorption) was 13.00%, down 50 bps from 13.50%."
IN,India,Reserve Bank of India,Repo rate (pre-2004 usage: absorption),2000-06-23,point,13.05,1305,13.05,13.05,13.0,5,hike,in-auction,observation,secondary,source-reuters-historical-2025,https://www.reuters.com/world/india/changes-indias-repo-rate-since-june-2000-2025-12-05/,,6b9bdc02c553c5cdb32c49c1a749a6e7760d2e0adcfe28990fed8b9719739060,"From 23 Jun 2000 the RBI repo rate (pre-2004 usage: absorption) was 13.05%, up 5 bps from 13.00%."
IN,India,Reserve Bank of India,Repo rate (pre-2004 usage: absorption),2000-06-27,point,12.6,1260,12.6,12.6,13.05,-45,cut,in-auction,observation,secondary,source-reuters-historical-2025,https://www.reuters.com/world/india/changes-indias-repo-rate-since-june-2000-2025-12-05/,,6b9bdc02c553c5cdb32c49c1a749a6e7760d2e0adcfe28990fed8b9719739060,"From 27 Jun 2000 the RBI repo rate (pre-2004 usage: absorption) was 12.60%, down 45 bps from 13.05%."
IN,India,Reserve Bank of India,Repo rate (pre-2004 usage: absorption),2000-06-28,point,12.25,1225,12.25,12.25,12.6,-35,cut,in-auction,observation,secondary,source-reuters-historical-2025,https://www.reuters.com/world/india/changes-indias-repo-rate-since-june-2000-2025-12-05/,,6b9bdc02c553c5cdb32c49c1a749a6e7760d2e0adcfe28990fed8b9719739060,"From 28 Jun 2000 the RBI repo rate (pre-2004 usage: absorption) was 12.25%, down 35 bps from 12.60%."
IN,India,Reserve Bank of India,Repo rate (pre-2004 usage: absorption),2000-07-13,point,9.0,900,9.0,9.0,12.25,-325,cut,in-auction,observation,secondary,source-reuters-historical-2025,https://www.reuters.com/world/india/changes-indias-repo-rate-since-june-2000-2025-12-05/,,6b9bdc02c553c5cdb32c49c1a749a6e7760d2e0adcfe28990fed8b9719739060,"From 13 Jul 2000 the RBI repo rate (pre-2004 usage: absorption) was 9.00%, down 325 bps from 12.25%."
IN,India,Reserve Bank of India,Repo rate (pre-2004 usage: absorption),2000-07-21,point,10.0,1000,10.0,10.0,9.0,100,hike,in-auction,observation,secondary,source-reuters-historical-2025,https://www.reuters.com/world/india/changes-indias-repo-rate-since-june-2000-2025-12-05/,,6b9bdc02c553c5cdb32c49c1a749a6e7760d2e0adcfe28990fed8b9719739060,"From 21 Jul 2000 the RBI repo rate (pre-2004 usage: absorption) was 10.00%, up 100 bps from 9.00%."
IN,India,Reserve Bank of India,Repo rate (pre-2004 usage: absorption),2000-08-09,point,16.0,1600,16.0,16.0,10.0,600,hike,in-auction,observation,secondary,source-reuters-historical-2025,https://www.reuters.com/world/india/changes-indias-repo-rate-since-june-2000-2025-12-05/,,6b9bdc02c553c5cdb32c49c1a749a6e7760d2e0adcfe28990fed8b9719739060,"From 9 Aug 2000 the RBI repo rate (pre-2004 usage: absorption) was 16.00%, up 600 bps from 10.00%."
IN,India,Reserve Bank of India,Repo rate (pre-2004 usage: absorption),2000-08-30,point,15.0,1500,15.0,15.0,16.0,-100,cut,in-auction,observation,secondary,source-reuters-historical-2025,https://www.reuters.com/world/india/changes-indias-repo-rate-since-june-2000-2025-12-05/,,6b9bdc02c553c5cdb32c49c1a749a6e7760d2e0adcfe28990fed8b9719739060,"From 30 Aug 2000 the RBI repo rate (pre-2004 usage: absorption) was 15.00%, down 100 bps from 16.00%."
IN,India,Reserve Bank of India,Repo rate (pre-2004 usage: absorption),2000-09-06,point,13.5,1350,13.5,13.5,15.0,-150,cut,in-auction,observation,secondary,source-reuters-historical-2025,https://www.reuters.com/world/india/changes-indias-repo-rate-since-june-2000-2025-12-05/,,6b9bdc02c553c5cdb32c49c1a749a6e7760d2e0adcfe28990fed8b9719739060,"From 6 Sept 2000 the RBI repo rate (pre-2004 usage: absorption) was 13.50%, down 150 bps from 15.00%."
IN,India,Reserve Bank of India,Repo rate (pre-2004 usage: absorption),2000-10-13,point,10.25,1025,10.25,10.25,13.5,-325,cut,in-auction,observation,secondary,source-reuters-historical-2025,https://www.reuters.com/world/india/changes-indias-repo-rate-since-june-2000-2025-12-05/,,6b9bdc02c553c5cdb32c49c1a749a6e7760d2e0adcfe28990fed8b9719739060,"From 13 Oct 2000 the RBI repo rate (pre-2004 usage: absorption) was 10.25%, down 325 bps from 13.50%."
IN,India,Reserve Bank of India,Repo rate (pre-2004 usage: absorption),2000-11-06,point,10.0,1000,10.0,10.0,10.25,-25,cut,in-auction,observation,secondary,source-reuters-historical-2025,https://www.reuters.com/world/india/changes-indias-repo-rate-since-june-2000-2025-12-05/,,6b9bdc02c553c5cdb32c49c1a749a6e7760d2e0adcfe28990fed8b9719739060,"From 6 Nov 2000 the RBI repo rate (pre-2004 usage: absorption) was 10.00%, down 25 bps from 10.25%."
IN,India,Reserve Bank of India,Repo rate (pre-2004 usage: absorption),2001-03-09,point,9.0,900,9.0,9.0,10.0,-100,cut,in-auction,observation,secondary,source-reuters-historical-2025,https://www.reuters.com/world/india/changes-indias-repo-rate-since-june-2000-2025-12-05/,,6b9bdc02c553c5cdb32c49c1a749a6e7760d2e0adcfe28990fed8b9719739060,"From 9 Mar 2001 the RBI repo rate (pre-2004 usage: absorption) was 9.00%, down 100 bps from 10.00%."
IN,India,Reserve Bank of India,Repo rate (pre-2004 usage: absorption),2001-04-30,point,8.75,875,8.75,8.75,9.0,-25,cut,in-auction,observation,secondary,source-reuters-historical-2025,https://www.reuters.com/world/india/changes-indias-repo-rate-since-june-2000-2025-12-05/,,6b9bdc02c553c5cdb32c49c1a749a6e7760d2e0adcfe28990fed8b9719739060,"From 30 Apr 2001 the RBI repo rate (pre-2004 usage: absorption) was 8.75%, down 25 bps from 9.00%."
IN,India,Reserve Bank of India,Repo rate (pre-2004 usage: absorption),2001-06-07,point,8.5,850,8.5,8.5,8.75,-25,cut,in-auction,observation,secondary,source-reuters-historical-2025,https://www.reuters.com/world/india/changes-indias-repo-rate-since-june-2000-2025-12-05/,,6b9bdc02c553c5cdb32c49c1a749a6e7760d2e0adcfe28990fed8b9719739060,"From 7 Jun 2001 the RBI repo rate (pre-2004 usage: absorption) was 8.50%, down 25 bps from 8.75%."
IN,India,Reserve Bank of India,Repo rate (pre-2004 usage: absorption),2002-03-28,point,8.0,800,8.0,8.0,8.5,-50,cut,in-auction,observation,secondary,source-reuters-historical-2025,https://www.reuters.com/world/india/changes-indias-repo-rate-since-june-2000-2025-12-05/,,6b9bdc02c553c5cdb32c49c1a749a6e7760d2e0adcfe28990fed8b9719739060,"From 28 Mar 2002 the RBI repo rate (pre-2004 usage: absorption) was 8.00%, down 50 bps from 8.50%."
IN,India,Reserve Bank of India,Repo rate (pre-2004 usage: absorption),2002-11-12,point,7.5,750,7.5,7.5,8.0,-50,cut,in-auction,observation,secondary,source-reuters-historical-2025,https://www.reuters.com/world/india/changes-indias-repo-rate-since-june-2000-2025-12-05/,,6b9bdc02c553c5cdb32c49c1a749a6e7760d2e0adcfe28990fed8b9719739060,"From 12 Nov 2002 the RBI repo rate (pre-2004 usage: absorption) was 7.50%, down 50 bps from 8.00%."
IN,India,Reserve Bank of India,Repo rate (pre-2004 usage: absorption),2003-03-07,point,7.1,710,7.1,7.1,7.5,-40,cut,in-auction,observation,secondary,source-reuters-historical-2025,https://www.reuters.com/world/india/changes-indias-repo-rate-since-june-2000-2025-12-05/,,6b9bdc02c553c5cdb32c49c1a749a6e7760d2e0adcfe28990fed8b9719739060,"From 7 Mar 2003 the RBI repo rate (pre-2004 usage: absorption) was 7.10%, down 40 bps from 7.50%."
IN,India,Reserve Bank of India,Repo rate (pre-2004 usage: absorption),2003-03-19,point,7.0,700,7.0,7.0,7.1,-10,cut,in-auction,observation,secondary,source-reuters-historical-2025,https://www.reuters.com/world/india/changes-indias-repo-rate-since-june-2000-2025-12-05/,,6b9bdc02c553c5cdb32c49c1a749a6e7760d2e0adcfe28990fed8b9719739060,"From 19 Mar 2003 the RBI repo rate (pre-2004 usage: absorption) was 7.00%, down 10 bps from 7.10%."
IN,India,Reserve Bank of India,Repo rate (pre-2004 usage: absorption),2004-03-31,point,6.0,600,6.0,6.0,7.0,-100,cut,in-auction,observation,secondary,source-reuters-historical-2025,https://www.reuters.com/world/india/changes-indias-repo-rate-since-june-2000-2025-12-05/,,6b9bdc02c553c5cdb32c49c1a749a6e7760d2e0adcfe28990fed8b9719739060,"From 31 Mar 2004 the RBI repo rate (pre-2004 usage: absorption) was 6.00%, down 100 bps from 7.00%."
IN,India,Reserve Bank of India,Policy repo rate,2005-10-26,point,6.25,625,6.25,6.25,6.0,,era_change,in-repo,policy,secondary,source-reuters-historical-2025,https://www.reuters.com/world/india/changes-indias-repo-rate-since-june-2000-2025-12-05/,,6b9bdc02c553c5cdb32c49c1a749a6e7760d2e0adcfe28990fed8b9719739060,"From 26 Oct 2005 the RBI policy repo rate was 6.25%, the first rate under this instrument."
IN,India,Reserve Bank of India,Policy repo rate,2006-01-24,point,6.5,650,6.5,6.5,6.25,25,hike,in-repo,policy,secondary,source-reuters-historical-2025,https://www.reuters.com/world/india/changes-indias-repo-rate-since-june-2000-2025-12-05/,,6b9bdc02c553c5cdb32c49c1a749a6e7760d2e0adcfe28990fed8b9719739060,"From 24 Jan 2006 the RBI policy repo rate was 6.50%, up 25 bps from 6.25%."
IN,India,Reserve Bank of India,Policy repo rate,2006-06-08,point,6.75,675,6.75,6.75,6.5,25,hike,in-repo,policy,secondary,source-reuters-historical-2025,https://www.reuters.com/world/india/changes-indias-repo-rate-since-june-2000-2025-12-05/,,6b9bdc02c553c5cdb32c49c1a749a6e7760d2e0adcfe28990fed8b9719739060,"From 8 Jun 2006 the RBI policy repo rate was 6.75%, up 25 bps from 6.50%."
IN,India,Reserve Bank of India,Policy repo rate,2006-07-25,point,7.0,700,7.0,7.0,6.75,25,hike,in-repo,policy,secondary,source-reuters-historical-2025,https://www.reuters.com/world/india/changes-indias-repo-rate-since-june-2000-2025-12-05/,,6b9bdc02c553c5cdb32c49c1a749a6e7760d2e0adcfe28990fed8b9719739060,"From 25 Jul 2006 the RBI policy repo rate was 7.00%, up 25 bps from 6.75%."
IN,India,Reserve Bank of India,Policy repo rate,2006-10-30,point,7.25,725,7.25,7.25,7.0,25,hike,in-repo,policy,secondary,source-reuters-historical-2025,https://www.reuters.com/world/india/changes-indias-repo-rate-since-june-2000-2025-12-05/,,6b9bdc02c553c5cdb32c49c1a749a6e7760d2e0adcfe28990fed8b9719739060,"From 30 Oct 2006 the RBI policy repo rate was 7.25%, up 25 bps from 7.00%."
IN,India,Reserve Bank of India,Policy repo rate,2007-01-31,point,7.5,750,7.5,7.5,7.25,25,hike,in-repo,policy,secondary,source-reuters-historical-2025,https://www.reuters.com/world/india/changes-indias-repo-rate-since-june-2000-2025-12-05/,,6b9bdc02c553c5cdb32c49c1a749a6e7760d2e0adcfe28990fed8b9719739060,"From 31 Jan 2007 the RBI policy repo rate was 7.50%, up 25 bps from 7.25%."
IN,India,Reserve Bank of India,Policy repo rate,2007-03-30,point,7.75,775,7.75,7.75,7.5,25,hike,in-repo,policy,secondary,source-reuters-historical-2025,https://www.reuters.com/world/india/changes-indias-repo-rate-since-june-2000-2025-12-05/,,6b9bdc02c553c5cdb32c49c1a749a6e7760d2e0adcfe28990fed8b9719739060,"From 30 Mar 2007 the RBI policy repo rate was 7.75%, up 25 bps from 7.50%."
IN,India,Reserve Bank of India,Policy repo rate,2008-06-11,point,8.0,800,8.0,8.0,7.75,25,hike,in-repo,policy,secondary,source-reuters-historical-2025,https://www.reuters.com/world/india/changes-indias-repo-rate-since-june-2000-2025-12-05/,,6b9bdc02c553c5cdb32c49c1a749a6e7760d2e0adcfe28990fed8b9719739060,"From 11 Jun 2008 the RBI policy repo rate was 8.00%, up 25 bps from 7.75%."
IN,India,Reserve Bank of India,Policy repo rate,2008-06-24,point,8.5,850,8.5,8.5,8.0,50,hike,in-repo,policy,secondary,source-reuters-historical-2025,https://www.reuters.com/world/india/changes-indias-repo-rate-since-june-2000-2025-12-05/,,6b9bdc02c553c5cdb32c49c1a749a6e7760d2e0adcfe28990fed8b9719739060,"From 24 Jun 2008 the RBI policy repo rate was 8.50%, up 50 bps from 8.00%."
IN,India,Reserve Bank of India,Policy repo rate,2008-07-29,point,9.0,900,9.0,9.0,8.5,50,hike,in-repo,policy,secondary,source-reuters-historical-2025,https://www.reuters.com/world/india/changes-indias-repo-rate-since-june-2000-2025-12-05/,,6b9bdc02c553c5cdb32c49c1a749a6e7760d2e0adcfe28990fed8b9719739060,"From 29 Jul 2008 the RBI policy repo rate was 9.00%, up 50 bps from 8.50%."
IN,India,Reserve Bank of India,Policy repo rate,2008-10-20,point,8.0,800,8.0,8.0,9.0,-100,cut,in-repo,policy,secondary,source-reuters-historical-2025,https://www.reuters.com/world/india/changes-indias-repo-rate-since-june-2000-2025-12-05/,,6b9bdc02c553c5cdb32c49c1a749a6e7760d2e0adcfe28990fed8b9719739060,"From 20 Oct 2008 the RBI policy repo rate was 8.00%, down 100 bps from 9.00%."
IN,India,Reserve Bank of India,Policy repo rate,2008-11-03,point,7.5,750,7.5,7.5,8.0,-50,cut,in-repo,policy,secondary,source-reuters-historical-2025,https://www.reuters.com/world/india/changes-indias-repo-rate-since-june-2000-2025-12-05/,,6b9bdc02c553c5cdb32c49c1a749a6e7760d2e0adcfe28990fed8b9719739060,"From 3 Nov 2008 the RBI policy repo rate was 7.50%, down 50 bps from 8.00%."
IN,India,Reserve Bank of India,Policy repo rate,2008-12-08,point,6.5,650,6.5,6.5,7.5,-100,cut,in-repo,policy,secondary,source-reuters-historical-2025,https://www.reuters.com/world/india/changes-indias-repo-rate-since-june-2000-2025-12-05/,,6b9bdc02c553c5cdb32c49c1a749a6e7760d2e0adcfe28990fed8b9719739060,"From 8 Dec 2008 the RBI policy repo rate was 6.50%, down 100 bps from 7.50%."
IN,India,Reserve Bank of India,Policy repo rate,2009-01-02,point,5.5,550,5.5,5.5,6.5,-100,cut,in-repo,policy,secondary,source-reuters-historical-2025,https://www.reuters.com/world/india/changes-indias-repo-rate-since-june-2000-2025-12-05/,,6b9bdc02c553c5cdb32c49c1a749a6e7760d2e0adcfe28990fed8b9719739060,"From 2 Jan 2009 the RBI policy repo rate was 5.50%, down 100 bps from 6.50%."
IN,India,Reserve Bank of India,Policy repo rate,2009-03-04,point,5.0,500,5.0,5.0,5.5,-50,cut,in-repo,policy,secondary,source-reuters-historical-2025,https://www.reuters.com/world/india/changes-indias-repo-rate-since-june-2000-2025-12-05/,,6b9bdc02c553c5cdb32c49c1a749a6e7760d2e0adcfe28990fed8b9719739060,"From 4 Mar 2009 the RBI policy repo rate was 5.00%, down 50 bps from 5.50%."
IN,India,Reserve Bank of India,Policy repo rate,2009-04-21,point,4.75,475,4.75,4.75,5.0,-25,cut,in-repo,policy,secondary,source-reuters-historical-2025,https://www.reuters.com/world/india/changes-indias-repo-rate-since-june-2000-2025-12-05/,,6b9bdc02c553c5cdb32c49c1a749a6e7760d2e0adcfe28990fed8b9719739060,"From 21 Apr 2009 the RBI policy repo rate was 4.75%, down 25 bps from 5.00%."
IN,India,Reserve Bank of India,Policy repo rate,2010-03-19,point,5.0,500,5.0,5.0,4.75,25,hike,in-repo,policy,secondary,source-reuters-historical-2025,https://www.reuters.com/world/india/changes-indias-repo-rate-since-june-2000-2025-12-05/,,6b9bdc02c553c5cdb32c49c1a749a6e7760d2e0adcfe28990fed8b9719739060,"From 19 Mar 2010 the RBI policy repo rate was 5.00%, up 25 bps from 4.75%."
IN,India,Reserve Bank of India,Policy repo rate,2010-04-20,point,5.25,525,5.25,5.25,5.0,25,hike,in-repo,policy,secondary,source-reuters-historical-2025,https://www.reuters.com/world/india/changes-indias-repo-rate-since-june-2000-2025-12-05/,,6b9bdc02c553c5cdb32c49c1a749a6e7760d2e0adcfe28990fed8b9719739060,"From 20 Apr 2010 the RBI policy repo rate was 5.25%, up 25 bps from 5.00%."
IN,India,Reserve Bank of India,Policy repo rate,2010-07-02,point,5.5,550,5.5,5.5,5.25,25,hike,in-repo,policy,secondary,source-reuters-historical-2025,https://www.reuters.com/world/india/changes-indias-repo-rate-since-june-2000-2025-12-05/,,6b9bdc02c553c5cdb32c49c1a749a6e7760d2e0adcfe28990fed8b9719739060,"From 2 Jul 2010 the RBI policy repo rate was 5.50%, up 25 bps from 5.25%."
IN,India,Reserve Bank of India,Policy repo rate,2010-07-27,point,5.75,575,5.75,5.75,5.5,25,hike,in-repo,policy,secondary,source-reuters-historical-2025,https://www.reuters.com/world/india/changes-indias-repo-rate-since-june-2000-2025-12-05/,,6b9bdc02c553c5cdb32c49c1a749a6e7760d2e0adcfe28990fed8b9719739060,"From 27 Jul 2010 the RBI policy repo rate was 5.75%, up 25 bps from 5.50%."
IN,India,Reserve Bank of India,Policy repo rate,2010-09-16,point,6.0,600,6.0,6.0,5.75,25,hike,in-repo,policy,secondary,source-reuters-historical-2025,https://www.reuters.com/world/india/changes-indias-repo-rate-since-june-2000-2025-12-05/,,6b9bdc02c553c5cdb32c49c1a749a6e7760d2e0adcfe28990fed8b9719739060,"From 16 Sept 2010 the RBI policy repo rate was 6.00%, up 25 bps from 5.75%."
IN,India,Reserve Bank of India,Policy repo rate,2010-11-02,point,6.25,625,6.25,6.25,6.0,25,hike,in-repo,policy,secondary,source-reuters-historical-2025,https://www.reuters.com/world/india/changes-indias-repo-rate-since-june-2000-2025-12-05/,,6b9bdc02c553c5cdb32c49c1a749a6e7760d2e0adcfe28990fed8b9719739060,"From 2 Nov 2010 the RBI policy repo rate was 6.25%, up 25 bps from 6.00%."
IN,India,Reserve Bank of India,Policy repo rate,2011-01-25,point,6.5,650,6.5,6.5,6.25,25,hike,in-repo,policy,secondary,source-reuters-historical-2025,https://www.reuters.com/world/india/changes-indias-repo-rate-since-june-2000-2025-12-05/,,6b9bdc02c553c5cdb32c49c1a749a6e7760d2e0adcfe28990fed8b9719739060,"From 25 Jan 2011 the RBI policy repo rate was 6.50%, up 25 bps from 6.25%."
IN,India,Reserve Bank of India,Policy repo rate,2011-03-17,point,6.75,675,6.75,6.75,6.5,25,hike,in-repo,policy,secondary,source-reuters-historical-2025,https://www.reuters.com/world/india/changes-indias-repo-rate-since-june-2000-2025-12-05/,,6b9bdc02c553c5cdb32c49c1a749a6e7760d2e0adcfe28990fed8b9719739060,"From 17 Mar 2011 the RBI policy repo rate was 6.75%, up 25 bps from 6.50%."
IN,India,Reserve Bank of India,Policy repo rate,2011-05-03,point,7.25,725,7.25,7.25,6.75,50,hike,in-repo,policy,secondary,source-reuters-historical-2025,https://www.reuters.com/world/india/changes-indias-repo-rate-since-june-2000-2025-12-05/,,6b9bdc02c553c5cdb32c49c1a749a6e7760d2e0adcfe28990fed8b9719739060,"From 3 May 2011 the RBI policy repo rate was 7.25%, up 50 bps from 6.75%."
IN,India,Reserve Bank of India,Policy repo rate,2011-06-16,point,7.5,750,7.5,7.5,7.25,25,hike,in-repo,policy,secondary,source-reuters-historical-2025,https://www.reuters.com/world/india/changes-indias-repo-rate-since-june-2000-2025-12-05/,,6b9bdc02c553c5cdb32c49c1a749a6e7760d2e0adcfe28990fed8b9719739060,"From 16 Jun 2011 the RBI policy repo rate was 7.50%, up 25 bps from 7.25%."
IN,India,Reserve Bank of India,Policy repo rate,2011-07-26,point,8.0,800,8.0,8.0,7.5,50,hike,in-repo,policy,secondary,source-reuters-historical-2025,https://www.reuters.com/world/india/changes-indias-repo-rate-since-june-2000-2025-12-05/,,6b9bdc02c553c5cdb32c49c1a749a6e7760d2e0adcfe28990fed8b9719739060,"From 26 Jul 2011 the RBI policy repo rate was 8.00%, up 50 bps from 7.50%."
IN,India,Reserve Bank of India,Policy repo rate,2011-09-16,point,8.25,825,8.25,8.25,8.0,25,hike,in-repo,policy,secondary,source-reuters-historical-2025,https://www.reuters.com/world/india/changes-indias-repo-rate-since-june-2000-2025-12-05/,,6b9bdc02c553c5cdb32c49c1a749a6e7760d2e0adcfe28990fed8b9719739060,"From 16 Sept 2011 the RBI policy repo rate was 8.25%, up 25 bps from 8.00%."
IN,India,Reserve Bank of India,Policy repo rate,2011-10-25,point,8.5,850,8.5,8.5,8.25,25,hike,in-repo,policy,secondary,source-reuters-historical-2025,https://www.reuters.com/world/india/changes-indias-repo-rate-since-june-2000-2025-12-05/,,6b9bdc02c553c5cdb32c49c1a749a6e7760d2e0adcfe28990fed8b9719739060,"From 25 Oct 2011 the RBI policy repo rate was 8.50%, up 25 bps from 8.25%."
IN,India,Reserve Bank of India,Policy repo rate,2012-04-17,point,8.0,800,8.0,8.0,8.5,-50,cut,in-repo,policy,secondary,source-reuters-historical-2025,https://www.reuters.com/world/india/changes-indias-repo-rate-since-june-2000-2025-12-05/,,6b9bdc02c553c5cdb32c49c1a749a6e7760d2e0adcfe28990fed8b9719739060,"From 17 Apr 2012 the RBI policy repo rate was 8.00%, down 50 bps from 8.50%."
IN,India,Reserve Bank of India,Policy repo rate,2013-01-29,point,7.75,775,7.75,7.75,8.0,-25,cut,in-repo,policy,secondary,source-reuters-historical-2025,https://www.reuters.com/world/india/changes-indias-repo-rate-since-june-2000-2025-12-05/,,6b9bdc02c553c5cdb32c49c1a749a6e7760d2e0adcfe28990fed8b9719739060,"From 29 Jan 2013 the RBI policy repo rate was 7.75%, down 25 bps from 8.00%."
IN,India,Reserve Bank of India,Policy repo rate,2013-03-19,point,7.5,750,7.5,7.5,7.75,-25,cut,in-repo,policy,secondary,source-reuters-historical-2025,https://www.reuters.com/world/india/changes-indias-repo-rate-since-june-2000-2025-12-05/,,6b9bdc02c553c5cdb32c49c1a749a6e7760d2e0adcfe28990fed8b9719739060,"From 19 Mar 2013 the RBI policy repo rate was 7.50%, down 25 bps from 7.75%."
IN,India,Reserve Bank of India,Policy repo rate,2013-05-03,point,7.25,725,7.25,7.25,7.5,-25,cut,in-repo,policy,secondary,source-reuters-historical-2025,https://www.reuters.com/world/india/changes-indias-repo-rate-since-june-2000-2025-12-05/,,6b9bdc02c553c5cdb32c49c1a749a6e7760d2e0adcfe28990fed8b9719739060,"From 3 May 2013 the RBI policy repo rate was 7.25%, down 25 bps from 7.50%."
IN,India,Reserve Bank of India,Policy repo rate,2013-09-20,point,7.5,750,7.5,7.5,7.25,25,hike,in-repo,policy,secondary,source-reuters-historical-2025,https://www.reuters.com/world/india/changes-indias-repo-rate-since-june-2000-2025-12-05/,,6b9bdc02c553c5cdb32c49c1a749a6e7760d2e0adcfe28990fed8b9719739060,"From 20 Sept 2013 the RBI policy repo rate was 7.50%, up 25 bps from 7.25%."
IN,India,Reserve Bank of India,Policy repo rate,2013-10-29,point,7.75,775,7.75,7.75,7.5,25,hike,in-repo,policy,secondary,source-reuters-historical-2025,https://www.reuters.com/world/india/changes-indias-repo-rate-since-june-2000-2025-12-05/,,6b9bdc02c553c5cdb32c49c1a749a6e7760d2e0adcfe28990fed8b9719739060,"From 29 Oct 2013 the RBI policy repo rate was 7.75%, up 25 bps from 7.50%."
IN,India,Reserve Bank of India,Policy repo rate,2014-01-28,point,8.0,800,8.0,8.0,7.75,25,hike,in-repo,policy,secondary,source-reuters-historical-2025,https://www.reuters.com/world/india/changes-indias-repo-rate-since-june-2000-2025-12-05/,,6b9bdc02c553c5cdb32c49c1a749a6e7760d2e0adcfe28990fed8b9719739060,"From 28 Jan 2014 the RBI policy repo rate was 8.00%, up 25 bps from 7.75%."
IN,India,Reserve Bank of India,Policy repo rate,2015-01-15,point,7.75,775,7.75,7.75,8.0,-25,cut,in-repo,policy,secondary,source-reuters-historical-2025,https://www.reuters.com/world/india/changes-indias-repo-rate-since-june-2000-2025-12-05/,,6b9bdc02c553c5cdb32c49c1a749a6e7760d2e0adcfe28990fed8b9719739060,"From 15 Jan 2015 the RBI policy repo rate was 7.75%, down 25 bps from 8.00%."
IN,India,Reserve Bank of India,Policy repo rate,2015-03-04,point,7.5,750,7.5,7.5,7.75,-25,cut,in-repo,policy,secondary,source-reuters-historical-2025,https://www.reuters.com/world/india/changes-indias-repo-rate-since-june-2000-2025-12-05/,,6b9bdc02c553c5cdb32c49c1a749a6e7760d2e0adcfe28990fed8b9719739060,"From 4 Mar 2015 the RBI policy repo rate was 7.50%, down 25 bps from 7.75%."
IN,India,Reserve Bank of India,Policy repo rate,2015-06-02,point,7.25,725,7.25,7.25,7.5,-25,cut,in-repo,policy,secondary,source-reuters-historical-2025,https://www.reuters.com/world/india/changes-indias-repo-rate-since-june-2000-2025-12-05/,,6b9bdc02c553c5cdb32c49c1a749a6e7760d2e0adcfe28990fed8b9719739060,"From 2 Jun 2015 the RBI policy repo rate was 7.25%, down 25 bps from 7.50%."
IN,India,Reserve Bank of India,Policy repo rate,2015-09-29,point,6.75,675,6.75,6.75,7.25,-50,cut,in-repo,policy,secondary,source-reuters-historical-2025,https://www.reuters.com/world/india/changes-indias-repo-rate-since-june-2000-2025-12-05/,,6b9bdc02c553c5cdb32c49c1a749a6e7760d2e0adcfe28990fed8b9719739060,"From 29 Sept 2015 the RBI policy repo rate was 6.75%, down 50 bps from 7.25%."
IN,India,Reserve Bank of India,Policy repo rate,2016-04-05,point,6.5,650,6.5,6.5,6.75,-25,cut,in-repo,policy,secondary,source-reuters-historical-2025,https://www.reuters.com/world/india/changes-indias-repo-rate-since-june-2000-2025-12-05/,,6b9bdc02c553c5cdb32c49c1a749a6e7760d2e0adcfe28990fed8b9719739060,"From 5 Apr 2016 the RBI policy repo rate was 6.50%, down 25 bps from 6.75%."
IN,India,Reserve Bank of India,Policy repo rate,2016-10-04,point,6.25,625,6.25,6.25,6.5,-25,cut,in-repo,policy,official,in-mpc-38224,https://www.rbi.org.in/Scripts/BS_PressReleaseDisplay.aspx?prid=38224,IN-2016-10-04,6b9bdc02c553c5cdb32c49c1a749a6e7760d2e0adcfe28990fed8b9719739060,"From 4 Oct 2016 the RBI policy repo rate was 6.25%, down 25 bps from 6.50%."
IN,India,Reserve Bank of India,Policy repo rate,2017-08-02,point,6.0,600,6.0,6.0,6.25,-25,cut,in-repo,policy,official,in-mpc-41256,https://www.rbi.org.in/Scripts/BS_PressReleaseDisplay.aspx?prid=41256,IN-2017-08-02,6b9bdc02c553c5cdb32c49c1a749a6e7760d2e0adcfe28990fed8b9719739060,"From 2 Aug 2017 the RBI policy repo rate was 6.00%, down 25 bps from 6.25%."
IN,India,Reserve Bank of India,Policy repo rate,2018-06-06,point,6.25,625,6.25,6.25,6.0,25,hike,in-repo,policy,official,in-mpc-44125,https://www.rbi.org.in/Scripts/BS_PressReleaseDisplay.aspx?prid=44125,IN-2018-06-06,6b9bdc02c553c5cdb32c49c1a749a6e7760d2e0adcfe28990fed8b9719739060,"From 6 Jun 2018 the RBI policy repo rate was 6.25%, up 25 bps from 6.00%."
IN,India,Reserve Bank of India,Policy repo rate,2018-08-01,point,6.5,650,6.5,6.5,6.25,25,hike,in-repo,policy,official,in-mpc-44636,https://www.rbi.org.in/Scripts/BS_PressReleaseDisplay.aspx?prid=44636,IN-2018-08-01,6b9bdc02c553c5cdb32c49c1a749a6e7760d2e0adcfe28990fed8b9719739060,"From 1 Aug 2018 the RBI policy repo rate was 6.50%, up 25 bps from 6.25%."
IN,India,Reserve Bank of India,Policy repo rate,2019-02-07,point,6.25,625,6.25,6.25,6.5,-25,cut,in-repo,policy,official,in-mpc-46235,https://www.rbi.org.in/Scripts/BS_PressReleaseDisplay.aspx?prid=46235,IN-2019-02-07,6b9bdc02c553c5cdb32c49c1a749a6e7760d2e0adcfe28990fed8b9719739060,"From 7 Feb 2019 the RBI policy repo rate was 6.25%, down 25 bps from 6.50%."
IN,India,Reserve Bank of India,Policy repo rate,2019-04-04,point,6.0,600,6.0,6.0,6.25,-25,cut,in-repo,policy,official,in-mpc-46722,https://www.rbi.org.in/Scripts/BS_PressReleaseDisplay.aspx?prid=46722,IN-2019-04-04,6b9bdc02c553c5cdb32c49c1a749a6e7760d2e0adcfe28990fed8b9719739060,"From 4 Apr 2019 the RBI policy repo rate was 6.00%, down 25 bps from 6.25%."
IN,India,Reserve Bank of India,Policy repo rate,2019-06-06,point,5.75,575,5.75,5.75,6.0,-25,cut,in-repo,policy,official,in-mpc-47225,https://www.rbi.org.in/Scripts/BS_PressReleaseDisplay.aspx?prid=47225,IN-2019-06-06,6b9bdc02c553c5cdb32c49c1a749a6e7760d2e0adcfe28990fed8b9719739060,"From 6 Jun 2019 the RBI policy repo rate was 5.75%, down 25 bps from 6.00%."
IN,India,Reserve Bank of India,Policy repo rate,2019-08-07,point,5.4,540,5.4,5.4,5.75,-35,cut,in-repo,policy,official,in-mpc-47818,https://www.rbi.org.in/Scripts/BS_PressReleaseDisplay.aspx?prid=47818,IN-2019-08-07,6b9bdc02c553c5cdb32c49c1a749a6e7760d2e0adcfe28990fed8b9719739060,"From 7 Aug 2019 the RBI policy repo rate was 5.40%, down 35 bps from 5.75%."
IN,India,Reserve Bank of India,Policy repo rate,2019-10-04,point,5.15,515,5.15,5.15,5.4,-25,cut,in-repo,policy,official,in-mpc-48319,https://www.rbi.org.in/Scripts/BS_PressReleaseDisplay.aspx?prid=48319,IN-2019-10-04,6b9bdc02c553c5cdb32c49c1a749a6e7760d2e0adcfe28990fed8b9719739060,"From 4 Oct 2019 the RBI policy repo rate was 5.15%, down 25 bps from 5.40%."
IN,India,Reserve Bank of India,Policy repo rate,2020-03-27,point,4.4,440,4.4,4.4,5.15,-75,cut,in-repo,policy,official,in-mpc-49581,https://www.rbi.org.in/Scripts/BS_PressReleaseDisplay.aspx?prid=49581,IN-2020-03-27,6b9bdc02c553c5cdb32c49c1a749a6e7760d2e0adcfe28990fed8b9719739060,"From 27 Mar 2020 the RBI policy repo rate was 4.40%, down 75 bps from 5.15%."
IN,India,Reserve Bank of India,Policy repo rate,2020-05-22,point,4.0,400,4.0,4.0,4.4,-40,cut,in-repo,policy,official,in-mpc-49843,https://www.rbi.org.in/Scripts/BS_PressReleaseDisplay.aspx?prid=49843,IN-2020-05-22,6b9bdc02c553c5cdb32c49c1a749a6e7760d2e0adcfe28990fed8b9719739060,"From 22 May 2020 the RBI policy repo rate was 4.00%, down 40 bps from 4.40%."
IN,India,Reserve Bank of India,Policy repo rate,2022-05-04,point,4.4,440,4.4,4.4,4.0,40,hike,in-repo,policy,official,in-mpc-53652,https://www.rbi.org.in/Scripts/BS_PressReleaseDisplay.aspx?prid=53652,IN-2022-05-04,6b9bdc02c553c5cdb32c49c1a749a6e7760d2e0adcfe28990fed8b9719739060,"From 4 May 2022 the RBI policy repo rate was 4.40%, up 40 bps from 4.00%."
IN,India,Reserve Bank of India,Policy repo rate,2022-06-08,point,4.9,490,4.9,4.9,4.4,50,hike,in-repo,policy,official,in-mpc-53832,https://www.rbi.org.in/Scripts/BS_PressReleaseDisplay.aspx?prid=53832,IN-2022-06-08,6b9bdc02c553c5cdb32c49c1a749a6e7760d2e0adcfe28990fed8b9719739060,"From 8 Jun 2022 the RBI policy repo rate was 4.90%, up 50 bps from 4.40%."
IN,India,Reserve Bank of India,Policy repo rate,2022-08-05,point,5.4,540,5.4,5.4,4.9,50,hike,in-repo,policy,official,in-mpc-54148,https://www.rbi.org.in/Scripts/BS_PressReleaseDisplay.aspx?prid=54148,IN-2022-08-05,6b9bdc02c553c5cdb32c49c1a749a6e7760d2e0adcfe28990fed8b9719739060,"From 5 Aug 2022 the RBI policy repo rate was 5.40%, up 50 bps from 4.90%."
IN,India,Reserve Bank of India,Policy repo rate,2022-09-30,point,5.9,590,5.9,5.9,5.4,50,hike,in-repo,policy,official,in-mpc-54465,https://www.rbi.org.in/Scripts/BS_PressReleaseDisplay.aspx?prid=54465,IN-2022-09-30,6b9bdc02c553c5cdb32c49c1a749a6e7760d2e0adcfe28990fed8b9719739060,"From 30 Sept 2022 the RBI policy repo rate was 5.90%, up 50 bps from 5.40%."
IN,India,Reserve Bank of India,Policy repo rate,2022-12-07,point,6.25,625,6.25,6.25,5.9,35,hike,in-repo,policy,official,in-mpc-54818,https://www.rbi.org.in/Scripts/BS_PressReleaseDisplay.aspx?prid=54818,IN-2022-12-07,6b9bdc02c553c5cdb32c49c1a749a6e7760d2e0adcfe28990fed8b9719739060,"From 7 Dec 2022 the RBI policy repo rate was 6.25%, up 35 bps from 5.90%."
IN,India,Reserve Bank of India,Policy repo rate,2023-02-08,point,6.5,650,6.5,6.5,6.25,25,hike,in-repo,policy,official,in-mpc-55178,https://www.rbi.org.in/Scripts/BS_PressReleaseDisplay.aspx?prid=55178,IN-2023-02-08,6b9bdc02c553c5cdb32c49c1a749a6e7760d2e0adcfe28990fed8b9719739060,"From 8 Feb 2023 the RBI policy repo rate was 6.50%, up 25 bps from 6.25%."
IN,India,Reserve Bank of India,Policy repo rate,2025-02-07,point,6.25,625,6.25,6.25,6.5,-25,cut,in-repo,policy,official,in-mpc-59692,https://www.rbi.org.in/Scripts/BS_PressReleaseDisplay.aspx?prid=59692,IN-2025-02-07,6b9bdc02c553c5cdb32c49c1a749a6e7760d2e0adcfe28990fed8b9719739060,"From 7 Feb 2025 the RBI policy repo rate was 6.25%, down 25 bps from 6.50%."
IN,India,Reserve Bank of India,Policy repo rate,2025-04-09,point,6.0,600,6.0,6.0,6.25,-25,cut,in-repo,policy,official,in-mpc-60176,https://www.rbi.org.in/Scripts/BS_PressReleaseDisplay.aspx?prid=60176,IN-2025-04-09,6b9bdc02c553c5cdb32c49c1a749a6e7760d2e0adcfe28990fed8b9719739060,"From 9 Apr 2025 the RBI policy repo rate was 6.00%, down 25 bps from 6.25%."
IN,India,Reserve Bank of India,Policy repo rate,2025-06-06,point,5.5,550,5.5,5.5,6.0,-50,cut,in-repo,policy,official,in-mpc-60604,https://www.rbi.org.in/Scripts/BS_PressReleaseDisplay.aspx?prid=60604,IN-2025-06-06,6b9bdc02c553c5cdb32c49c1a749a6e7760d2e0adcfe28990fed8b9719739060,"From 6 Jun 2025 the RBI policy repo rate was 5.50%, down 50 bps from 6.00%."
IN,India,Reserve Bank of India,Policy repo rate,2025-12-05,point,5.25,525,5.25,5.25,5.5,-25,cut,in-repo,policy,official,in-mpc-61749,https://www.rbi.org.in/Scripts/BS_PressReleaseDisplay.aspx?prid=61749,IN-2025-12-05,6b9bdc02c553c5cdb32c49c1a749a6e7760d2e0adcfe28990fed8b9719739060,"From 5 Dec 2025 the RBI policy repo rate was 5.25%, down 25 bps from 5.50%."
IN,India,Reserve Bank of India,Policy repo rate,2026-10-07,point,5.5,550,5.5,5.5,5.25,25,hike,in-repo,policy,official,source-8eb3f54fb9e1,https://www.rbi.org.in/scripts/BS_PressReleaseDisplay.aspx?prid=63742,IN-2026-10-07,6b9bdc02c553c5cdb32c49c1a749a6e7760d2e0adcfe28990fed8b9719739060,"From 7 Oct 2026 the RBI policy repo rate was 5.50%, up 25 bps from 5.25%."
US,United States,Federal Reserve,Federal funds target rate,1999-11-16,point,5.5,550,5.5,5.5,,,initial,us-point,policy,official,us-fred-dfedtar,https://fred.stlouisfed.org/series/DFEDTAR,,03ec07b603a974f34ed004641972824ef876a33b09f49ab41002ad807fd72f2d,"The Fed federal funds target range was 5.50% on 16 Nov 1999, the first point in this series."
US,United States,Federal Reserve,Federal funds target rate,2000-02-02,point,5.75,575,5.75,5.75,5.5,25,hike,us-point,policy,official,us-fred-dfedtar,https://fred.stlouisfed.org/series/DFEDTAR,,03ec07b603a974f34ed004641972824ef876a33b09f49ab41002ad807fd72f2d,"From 2 Feb 2000 the Fed federal funds target rate was 5.75%, up 25 bps from 5.50%."
US,United States,Federal Reserve,Federal funds target rate,2000-03-21,point,6.0,600,6.0,6.0,5.75,25,hike,us-point,policy,official,us-fred-dfedtar,https://fred.stlouisfed.org/series/DFEDTAR,,03ec07b603a974f34ed004641972824ef876a33b09f49ab41002ad807fd72f2d,"From 21 Mar 2000 the Fed federal funds target rate was 6.00%, up 25 bps from 5.75%."
US,United States,Federal Reserve,Federal funds target rate,2000-05-16,point,6.5,650,6.5,6.5,6.0,50,hike,us-point,policy,official,us-fred-dfedtar,https://fred.stlouisfed.org/series/DFEDTAR,,03ec07b603a974f34ed004641972824ef876a33b09f49ab41002ad807fd72f2d,"From 16 May 2000 the Fed federal funds target rate was 6.50%, up 50 bps from 6.00%."
US,United States,Federal Reserve,Federal funds target rate,2001-01-03,point,6.0,600,6.0,6.0,6.5,-50,cut,us-point,policy,official,us-fred-dfedtar,https://fred.stlouisfed.org/series/DFEDTAR,,03ec07b603a974f34ed004641972824ef876a33b09f49ab41002ad807fd72f2d,"From 3 Jan 2001 the Fed federal funds target rate was 6.00%, down 50 bps from 6.50%."
US,United States,Federal Reserve,Federal funds target rate,2001-01-31,point,5.5,550,5.5,5.5,6.0,-50,cut,us-point,policy,official,us-fred-dfedtar,https://fred.stlouisfed.org/series/DFEDTAR,,03ec07b603a974f34ed004641972824ef876a33b09f49ab41002ad807fd72f2d,"From 31 Jan 2001 the Fed federal funds target rate was 5.50%, down 50 bps from 6.00%."
US,United States,Federal Reserve,Federal funds target rate,2001-03-20,point,5.0,500,5.0,5.0,5.5,-50,cut,us-point,policy,official,us-fred-dfedtar,https://fred.stlouisfed.org/series/DFEDTAR,,03ec07b603a974f34ed004641972824ef876a33b09f49ab41002ad807fd72f2d,"From 20 Mar 2001 the Fed federal funds target rate was 5.00%, down 50 bps from 5.50%."
US,United States,Federal Reserve,Federal funds target rate,2001-04-18,point,4.5,450,4.5,4.5,5.0,-50,cut,us-point,policy,official,us-fred-dfedtar,https://fred.stlouisfed.org/series/DFEDTAR,,03ec07b603a974f34ed004641972824ef876a33b09f49ab41002ad807fd72f2d,"From 18 Apr 2001 the Fed federal funds target rate was 4.50%, down 50 bps from 5.00%."
US,United States,Federal Reserve,Federal funds target rate,2001-05-15,point,4.0,400,4.0,4.0,4.5,-50,cut,us-point,policy,official,us-fred-dfedtar,https://fred.stlouisfed.org/series/DFEDTAR,,03ec07b603a974f34ed004641972824ef876a33b09f49ab41002ad807fd72f2d,"From 15 May 2001 the Fed federal funds target rate was 4.00%, down 50 bps from 4.50%."
US,United States,Federal Reserve,Federal funds target rate,2001-06-27,point,3.75,375,3.75,3.75,4.0,-25,cut,us-point,policy,official,us-fred-dfedtar,https://fred.stlouisfed.org/series/DFEDTAR,,03ec07b603a974f34ed004641972824ef876a33b09f49ab41002ad807fd72f2d,"From 27 Jun 2001 the Fed federal funds target rate was 3.75%, down 25 bps from 4.00%."
US,United States,Federal Reserve,Federal funds target rate,2001-08-21,point,3.5,350,3.5,3.5,3.75,-25,cut,us-point,policy,official,us-fred-dfedtar,https://fred.stlouisfed.org/series/DFEDTAR,,03ec07b603a974f34ed004641972824ef876a33b09f49ab41002ad807fd72f2d,"From 21 Aug 2001 the Fed federal funds target rate was 3.50%, down 25 bps from 3.75%."
US,United States,Federal Reserve,Federal funds target rate,2001-09-17,point,3.0,300,3.0,3.0,3.5,-50,cut,us-point,policy,official,us-fred-dfedtar,https://fred.stlouisfed.org/series/DFEDTAR,,03ec07b603a974f34ed004641972824ef876a33b09f49ab41002ad807fd72f2d,"From 17 Sept 2001 the Fed federal funds target rate was 3.00%, down 50 bps from 3.50%."
US,United States,Federal Reserve,Federal funds target rate,2001-10-02,point,2.5,250,2.5,2.5,3.0,-50,cut,us-point,policy,official,us-fred-dfedtar,https://fred.stlouisfed.org/series/DFEDTAR,,03ec07b603a974f34ed004641972824ef876a33b09f49ab41002ad807fd72f2d,"From 2 Oct 2001 the Fed federal funds target rate was 2.50%, down 50 bps from 3.00%."
US,United States,Federal Reserve,Federal funds target rate,2001-11-06,point,2.0,200,2.0,2.0,2.5,-50,cut,us-point,policy,official,us-fred-dfedtar,https://fred.stlouisfed.org/series/DFEDTAR,,03ec07b603a974f34ed004641972824ef876a33b09f49ab41002ad807fd72f2d,"From 6 Nov 2001 the Fed federal funds target rate was 2.00%, down 50 bps from 2.50%."
US,United States,Federal Reserve,Federal funds target rate,2001-12-11,point,1.75,175,1.75,1.75,2.0,-25,cut,us-point,policy,official,us-fred-dfedtar,https://fred.stlouisfed.org/series/DFEDTAR,,03ec07b603a974f34ed004641972824ef876a33b09f49ab41002ad807fd72f2d,"From 11 Dec 2001 the Fed federal funds target rate was 1.75%, down 25 bps from 2.00%."
US,United States,Federal Reserve,Federal funds target rate,2002-11-06,point,1.25,125,1.25,1.25,1.75,-50,cut,us-point,policy,official,us-fred-dfedtar,https://fred.stlouisfed.org/series/DFEDTAR,,03ec07b603a974f34ed004641972824ef876a33b09f49ab41002ad807fd72f2d,"From 6 Nov 2002 the Fed federal funds target rate was 1.25%, down 50 bps from 1.75%."
US,United States,Federal Reserve,Federal funds target rate,2003-06-25,point,1.0,100,1.0,1.0,1.25,-25,cut,us-point,policy,official,us-fred-dfedtar,https://fred.stlouisfed.org/series/DFEDTAR,,03ec07b603a974f34ed004641972824ef876a33b09f49ab41002ad807fd72f2d,"From 25 Jun 2003 the Fed federal funds target rate was 1.00%, down 25 bps from 1.25%."
US,United States,Federal Reserve,Federal funds target rate,2004-06-30,point,1.25,125,1.25,1.25,1.0,25,hike,us-point,policy,official,us-fred-dfedtar,https://fred.stlouisfed.org/series/DFEDTAR,,03ec07b603a974f34ed004641972824ef876a33b09f49ab41002ad807fd72f2d,"From 30 Jun 2004 the Fed federal funds target rate was 1.25%, up 25 bps from 1.00%."
US,United States,Federal Reserve,Federal funds target rate,2004-08-10,point,1.5,150,1.5,1.5,1.25,25,hike,us-point,policy,official,us-fred-dfedtar,https://fred.stlouisfed.org/series/DFEDTAR,,03ec07b603a974f34ed004641972824ef876a33b09f49ab41002ad807fd72f2d,"From 10 Aug 2004 the Fed federal funds target rate was 1.50%, up 25 bps from 1.25%."
US,United States,Federal Reserve,Federal funds target rate,2004-09-21,point,1.75,175,1.75,1.75,1.5,25,hike,us-point,policy,official,us-fred-dfedtar,https://fred.stlouisfed.org/series/DFEDTAR,,03ec07b603a974f34ed004641972824ef876a33b09f49ab41002ad807fd72f2d,"From 21 Sept 2004 the Fed federal funds target rate was 1.75%, up 25 bps from 1.50%."
US,United States,Federal Reserve,Federal funds target rate,2004-11-10,point,2.0,200,2.0,2.0,1.75,25,hike,us-point,policy,official,us-fred-dfedtar,https://fred.stlouisfed.org/series/DFEDTAR,,03ec07b603a974f34ed004641972824ef876a33b09f49ab41002ad807fd72f2d,"From 10 Nov 2004 the Fed federal funds target rate was 2.00%, up 25 bps from 1.75%."
US,United States,Federal Reserve,Federal funds target rate,2004-12-14,point,2.25,225,2.25,2.25,2.0,25,hike,us-point,policy,official,us-fred-dfedtar,https://fred.stlouisfed.org/series/DFEDTAR,,03ec07b603a974f34ed004641972824ef876a33b09f49ab41002ad807fd72f2d,"From 14 Dec 2004 the Fed federal funds target rate was 2.25%, up 25 bps from 2.00%."
US,United States,Federal Reserve,Federal funds target rate,2005-02-02,point,2.5,250,2.5,2.5,2.25,25,hike,us-point,policy,official,us-fred-dfedtar,https://fred.stlouisfed.org/series/DFEDTAR,,03ec07b603a974f34ed004641972824ef876a33b09f49ab41002ad807fd72f2d,"From 2 Feb 2005 the Fed federal funds target rate was 2.50%, up 25 bps from 2.25%."
US,United States,Federal Reserve,Federal funds target rate,2005-03-22,point,2.75,275,2.75,2.75,2.5,25,hike,us-point,policy,official,us-fred-dfedtar,https://fred.stlouisfed.org/series/DFEDTAR,,03ec07b603a974f34ed004641972824ef876a33b09f49ab41002ad807fd72f2d,"From 22 Mar 2005 the Fed federal funds target rate was 2.75%, up 25 bps from 2.50%."
US,United States,Federal Reserve,Federal funds target rate,2005-05-03,point,3.0,300,3.0,3.0,2.75,25,hike,us-point,policy,official,us-fred-dfedtar,https://fred.stlouisfed.org/series/DFEDTAR,,03ec07b603a974f34ed004641972824ef876a33b09f49ab41002ad807fd72f2d,"From 3 May 2005 the Fed federal funds target rate was 3.00%, up 25 bps from 2.75%."
US,United States,Federal Reserve,Federal funds target rate,2005-06-30,point,3.25,325,3.25,3.25,3.0,25,hike,us-point,policy,official,us-fred-dfedtar,https://fred.stlouisfed.org/series/DFEDTAR,,03ec07b603a974f34ed004641972824ef876a33b09f49ab41002ad807fd72f2d,"From 30 Jun 2005 the Fed federal funds target rate was 3.25%, up 25 bps from 3.00%."
US,United States,Federal Reserve,Federal funds target rate,2005-08-09,point,3.5,350,3.5,3.5,3.25,25,hike,us-point,policy,official,us-fred-dfedtar,https://fred.stlouisfed.org/series/DFEDTAR,,03ec07b603a974f34ed004641972824ef876a33b09f49ab41002ad807fd72f2d,"From 9 Aug 2005 the Fed federal funds target rate was 3.50%, up 25 bps from 3.25%."
US,United States,Federal Reserve,Federal funds target rate,2005-09-20,point,3.75,375,3.75,3.75,3.5,25,hike,us-point,policy,official,us-fred-dfedtar,https://fred.stlouisfed.org/series/DFEDTAR,,03ec07b603a974f34ed004641972824ef876a33b09f49ab41002ad807fd72f2d,"From 20 Sept 2005 the Fed federal funds target rate was 3.75%, up 25 bps from 3.50%."
US,United States,Federal Reserve,Federal funds target rate,2005-11-01,point,4.0,400,4.0,4.0,3.75,25,hike,us-point,policy,official,us-fred-dfedtar,https://fred.stlouisfed.org/series/DFEDTAR,,03ec07b603a974f34ed004641972824ef876a33b09f49ab41002ad807fd72f2d,"From 1 Nov 2005 the Fed federal funds target rate was 4.00%, up 25 bps from 3.75%."
US,United States,Federal Reserve,Federal funds target rate,2005-12-13,point,4.25,425,4.25,4.25,4.0,25,hike,us-point,policy,official,us-fred-dfedtar,https://fred.stlouisfed.org/series/DFEDTAR,,03ec07b603a974f34ed004641972824ef876a33b09f49ab41002ad807fd72f2d,"From 13 Dec 2005 the Fed federal funds target rate was 4.25%, up 25 bps from 4.00%."
US,United States,Federal Reserve,Federal funds target rate,2006-01-31,point,4.5,450,4.5,4.5,4.25,25,hike,us-point,policy,official,us-fred-dfedtar,https://fred.stlouisfed.org/series/DFEDTAR,,03ec07b603a974f34ed004641972824ef876a33b09f49ab41002ad807fd72f2d,"From 31 Jan 2006 the Fed federal funds target rate was 4.50%, up 25 bps from 4.25%."
US,United States,Federal Reserve,Federal funds target rate,2006-03-28,point,4.75,475,4.75,4.75,4.5,25,hike,us-point,policy,official,us-fred-dfedtar,https://fred.stlouisfed.org/series/DFEDTAR,,03ec07b603a974f34ed004641972824ef876a33b09f49ab41002ad807fd72f2d,"From 28 Mar 2006 the Fed federal funds target rate was 4.75%, up 25 bps from 4.50%."
US,United States,Federal Reserve,Federal funds target rate,2006-05-10,point,5.0,500,5.0,5.0,4.75,25,hike,us-point,policy,official,us-fred-dfedtar,https://fred.stlouisfed.org/series/DFEDTAR,,03ec07b603a974f34ed004641972824ef876a33b09f49ab41002ad807fd72f2d,"From 10 May 2006 the Fed federal funds target rate was 5.00%, up 25 bps from 4.75%."
US,United States,Federal Reserve,Federal funds target rate,2006-06-29,point,5.25,525,5.25,5.25,5.0,25,hike,us-point,policy,official,us-fred-dfedtar,https://fred.stlouisfed.org/series/DFEDTAR,,03ec07b603a974f34ed004641972824ef876a33b09f49ab41002ad807fd72f2d,"From 29 Jun 2006 the Fed federal funds target rate was 5.25%, up 25 bps from 5.00%."
US,United States,Federal Reserve,Federal funds target rate,2007-09-18,point,4.75,475,4.75,4.75,5.25,-50,cut,us-point,policy,official,us-fred-dfedtar,https://fred.stlouisfed.org/series/DFEDTAR,,03ec07b603a974f34ed004641972824ef876a33b09f49ab41002ad807fd72f2d,"From 18 Sept 2007 the Fed federal funds target rate was 4.75%, down 50 bps from 5.25%."
US,United States,Federal Reserve,Federal funds target rate,2007-10-31,point,4.5,450,4.5,4.5,4.75,-25,cut,us-point,policy,official,us-fred-dfedtar,https://fred.stlouisfed.org/series/DFEDTAR,,03ec07b603a974f34ed004641972824ef876a33b09f49ab41002ad807fd72f2d,"From 31 Oct 2007 the Fed federal funds target rate was 4.50%, down 25 bps from 4.75%."
US,United States,Federal Reserve,Federal funds target rate,2007-12-11,point,4.25,425,4.25,4.25,4.5,-25,cut,us-point,policy,official,us-fred-dfedtar,https://fred.stlouisfed.org/series/DFEDTAR,,03ec07b603a974f34ed004641972824ef876a33b09f49ab41002ad807fd72f2d,"From 11 Dec 2007 the Fed federal funds target rate was 4.25%, down 25 bps from 4.50%."
US,United States,Federal Reserve,Federal funds target rate,2008-01-22,point,3.5,350,3.5,3.5,4.25,-75,cut,us-point,policy,official,us-fred-dfedtar,https://fred.stlouisfed.org/series/DFEDTAR,,03ec07b603a974f34ed004641972824ef876a33b09f49ab41002ad807fd72f2d,"From 22 Jan 2008 the Fed federal funds target rate was 3.50%, down 75 bps from 4.25%."
US,United States,Federal Reserve,Federal funds target rate,2008-01-30,point,3.0,300,3.0,3.0,3.5,-50,cut,us-point,policy,official,us-fred-dfedtar,https://fred.stlouisfed.org/series/DFEDTAR,,03ec07b603a974f34ed004641972824ef876a33b09f49ab41002ad807fd72f2d,"From 30 Jan 2008 the Fed federal funds target rate was 3.00%, down 50 bps from 3.50%."
US,United States,Federal Reserve,Federal funds target rate,2008-03-18,point,2.25,225,2.25,2.25,3.0,-75,cut,us-point,policy,official,us-fred-dfedtar,https://fred.stlouisfed.org/series/DFEDTAR,,03ec07b603a974f34ed004641972824ef876a33b09f49ab41002ad807fd72f2d,"From 18 Mar 2008 the Fed federal funds target rate was 2.25%, down 75 bps from 3.00%."
US,United States,Federal Reserve,Federal funds target rate,2008-04-30,point,2.0,200,2.0,2.0,2.25,-25,cut,us-point,policy,official,us-fred-dfedtar,https://fred.stlouisfed.org/series/DFEDTAR,,03ec07b603a974f34ed004641972824ef876a33b09f49ab41002ad807fd72f2d,"From 30 Apr 2008 the Fed federal funds target rate was 2.00%, down 25 bps from 2.25%."
US,United States,Federal Reserve,Federal funds target rate,2008-10-08,point,1.5,150,1.5,1.5,2.0,-50,cut,us-point,policy,official,us-fred-dfedtar,https://fred.stlouisfed.org/series/DFEDTAR,,03ec07b603a974f34ed004641972824ef876a33b09f49ab41002ad807fd72f2d,"From 8 Oct 2008 the Fed federal funds target rate was 1.50%, down 50 bps from 2.00%."
US,United States,Federal Reserve,Federal funds target rate,2008-10-29,point,1.0,100,1.0,1.0,1.5,-50,cut,us-point,policy,official,us-fred-dfedtar,https://fred.stlouisfed.org/series/DFEDTAR,,03ec07b603a974f34ed004641972824ef876a33b09f49ab41002ad807fd72f2d,"From 29 Oct 2008 the Fed federal funds target rate was 1.00%, down 50 bps from 1.50%."
US,United States,Federal Reserve,Federal funds target range,2008-12-16,range,0.25,25,0.0,0.25,1.0,,era_change,us-range,policy,official,us-fred-dfedtaru,https://fred.stlouisfed.org/series/DFEDTARU,,03ec07b603a974f34ed004641972824ef876a33b09f49ab41002ad807fd72f2d,"From 16 Dec 2008 the Fed federal funds target range was 0.00 to 0.25%, the first rate under this instrument."
US,United States,Federal Reserve,Federal funds target range,2015-12-16,range,0.5,50,0.25,0.5,0.25,25,hike,us-range,policy,official,us-fred-dfedtaru,https://fred.stlouisfed.org/series/DFEDTARU,,03ec07b603a974f34ed004641972824ef876a33b09f49ab41002ad807fd72f2d,"From 16 Dec 2015 the Fed federal funds target range was 0.25 to 0.50%, up 25 bps from 0.00 to 0.25%."
US,United States,Federal Reserve,Federal funds target range,2016-12-14,range,0.75,75,0.5,0.75,0.5,25,hike,us-range,policy,official,us-fred-dfedtaru,https://fred.stlouisfed.org/series/DFEDTARU,,03ec07b603a974f34ed004641972824ef876a33b09f49ab41002ad807fd72f2d,"From 14 Dec 2016 the Fed federal funds target range was 0.50 to 0.75%, up 25 bps from 0.25 to 0.50%."
US,United States,Federal Reserve,Federal funds target range,2017-03-16,range,1.0,100,0.75,1.0,0.75,25,hike,us-range,policy,official,us-fred-dfedtaru,https://fred.stlouisfed.org/series/DFEDTARU,,03ec07b603a974f34ed004641972824ef876a33b09f49ab41002ad807fd72f2d,"From 16 Mar 2017 the Fed federal funds target range was 0.75 to 1.00%, up 25 bps from 0.50 to 0.75%."
US,United States,Federal Reserve,Federal funds target range,2017-06-15,range,1.25,125,1.0,1.25,1.0,25,hike,us-range,policy,official,us-fred-dfedtaru,https://fred.stlouisfed.org/series/DFEDTARU,,03ec07b603a974f34ed004641972824ef876a33b09f49ab41002ad807fd72f2d,"From 15 Jun 2017 the Fed federal funds target range was 1.00 to 1.25%, up 25 bps from 0.75 to 1.00%."
US,United States,Federal Reserve,Federal funds target range,2017-12-14,range,1.5,150,1.25,1.5,1.25,25,hike,us-range,policy,official,us-fred-dfedtaru,https://fred.stlouisfed.org/series/DFEDTARU,,03ec07b603a974f34ed004641972824ef876a33b09f49ab41002ad807fd72f2d,"From 14 Dec 2017 the Fed federal funds target range was 1.25 to 1.50%, up 25 bps from 1.00 to 1.25%."
US,United States,Federal Reserve,Federal funds target range,2018-03-22,range,1.75,175,1.5,1.75,1.5,25,hike,us-range,policy,official,us-fred-dfedtaru,https://fred.stlouisfed.org/series/DFEDTARU,,03ec07b603a974f34ed004641972824ef876a33b09f49ab41002ad807fd72f2d,"From 22 Mar 2018 the Fed federal funds target range was 1.50 to 1.75%, up 25 bps from 1.25 to 1.50%."
US,United States,Federal Reserve,Federal funds target range,2018-06-14,range,2.0,200,1.75,2.0,1.75,25,hike,us-range,policy,official,us-fred-dfedtaru,https://fred.stlouisfed.org/series/DFEDTARU,,03ec07b603a974f34ed004641972824ef876a33b09f49ab41002ad807fd72f2d,"From 14 Jun 2018 the Fed federal funds target range was 1.75 to 2.00%, up 25 bps from 1.50 to 1.75%."
US,United States,Federal Reserve,Federal funds target range,2018-09-27,range,2.25,225,2.0,2.25,2.0,25,hike,us-range,policy,official,us-fred-dfedtaru,https://fred.stlouisfed.org/series/DFEDTARU,,03ec07b603a974f34ed004641972824ef876a33b09f49ab41002ad807fd72f2d,"From 27 Sept 2018 the Fed federal funds target range was 2.00 to 2.25%, up 25 bps from 1.75 to 2.00%."
US,United States,Federal Reserve,Federal funds target range,2018-12-20,range,2.5,250,2.25,2.5,2.25,25,hike,us-range,policy,official,us-fred-dfedtaru,https://fred.stlouisfed.org/series/DFEDTARU,,03ec07b603a974f34ed004641972824ef876a33b09f49ab41002ad807fd72f2d,"From 20 Dec 2018 the Fed federal funds target range was 2.25 to 2.50%, up 25 bps from 2.00 to 2.25%."
US,United States,Federal Reserve,Federal funds target range,2019-08-01,range,2.25,225,2.0,2.25,2.5,-25,cut,us-range,policy,official,us-fred-dfedtaru,https://fred.stlouisfed.org/series/DFEDTARU,,03ec07b603a974f34ed004641972824ef876a33b09f49ab41002ad807fd72f2d,"From 1 Aug 2019 the Fed federal funds target range was 2.00 to 2.25%, down 25 bps from 2.25 to 2.50%."
US,United States,Federal Reserve,Federal funds target range,2019-09-19,range,2.0,200,1.75,2.0,2.25,-25,cut,us-range,policy,official,us-fred-dfedtaru,https://fred.stlouisfed.org/series/DFEDTARU,,03ec07b603a974f34ed004641972824ef876a33b09f49ab41002ad807fd72f2d,"From 19 Sept 2019 the Fed federal funds target range was 1.75 to 2.00%, down 25 bps from 2.00 to 2.25%."
US,United States,Federal Reserve,Federal funds target range,2019-10-31,range,1.75,175,1.5,1.75,2.0,-25,cut,us-range,policy,official,us-fred-dfedtaru,https://fred.stlouisfed.org/series/DFEDTARU,,03ec07b603a974f34ed004641972824ef876a33b09f49ab41002ad807fd72f2d,"From 31 Oct 2019 the Fed federal funds target range was 1.50 to 1.75%, down 25 bps from 1.75 to 2.00%."
US,United States,Federal Reserve,Federal funds target range,2020-03-04,range,1.25,125,1.0,1.25,1.75,-50,cut,us-range,policy,official,us-fred-dfedtaru,https://fred.stlouisfed.org/series/DFEDTARU,,03ec07b603a974f34ed004641972824ef876a33b09f49ab41002ad807fd72f2d,"From 4 Mar 2020 the Fed federal funds target range was 1.00 to 1.25%, down 50 bps from 1.50 to 1.75%."
US,United States,Federal Reserve,Federal funds target range,2020-03-16,range,0.25,25,0.0,0.25,1.25,-100,cut,us-range,policy,official,us-fred-dfedtaru,https://fred.stlouisfed.org/series/DFEDTARU,,03ec07b603a974f34ed004641972824ef876a33b09f49ab41002ad807fd72f2d,"From 16 Mar 2020 the Fed federal funds target range was 0.00 to 0.25%, down 100 bps from 1.00 to 1.25%."
US,United States,Federal Reserve,Federal funds target range,2022-03-17,range,0.5,50,0.25,0.5,0.25,25,hike,us-range,policy,official,us-fred-dfedtaru,https://fred.stlouisfed.org/series/DFEDTARU,US-2022-03-16,03ec07b603a974f34ed004641972824ef876a33b09f49ab41002ad807fd72f2d,"From 17 Mar 2022 the Fed federal funds target range was 0.25 to 0.50%, up 25 bps from 0.00 to 0.25%."
US,United States,Federal Reserve,Federal funds target range,2022-05-05,range,1.0,100,0.75,1.0,0.5,50,hike,us-range,policy,official,us-fred-dfedtaru,https://fred.stlouisfed.org/series/DFEDTARU,US-2022-05-04,03ec07b603a974f34ed004641972824ef876a33b09f49ab41002ad807fd72f2d,"From 5 May 2022 the Fed federal funds target range was 0.75 to 1.00%, up 50 bps from 0.25 to 0.50%."
US,United States,Federal Reserve,Federal funds target range,2022-06-16,range,1.75,175,1.5,1.75,1.0,75,hike,us-range,policy,official,us-fred-dfedtaru,https://fred.stlouisfed.org/series/DFEDTARU,US-2022-06-15,03ec07b603a974f34ed004641972824ef876a33b09f49ab41002ad807fd72f2d,"From 16 Jun 2022 the Fed federal funds target range was 1.50 to 1.75%, up 75 bps from 0.75 to 1.00%."
US,United States,Federal Reserve,Federal funds target range,2022-07-28,range,2.5,250,2.25,2.5,1.75,75,hike,us-range,policy,official,us-fred-dfedtaru,https://fred.stlouisfed.org/series/DFEDTARU,US-2022-07-27,03ec07b603a974f34ed004641972824ef876a33b09f49ab41002ad807fd72f2d,"From 28 Jul 2022 the Fed federal funds target range was 2.25 to 2.50%, up 75 bps from 1.50 to 1.75%."
US,United States,Federal Reserve,Federal funds target range,2022-09-22,range,3.25,325,3.0,3.25,2.5,75,hike,us-range,policy,official,us-fred-dfedtaru,https://fred.stlouisfed.org/series/DFEDTARU,US-2022-09-21,03ec07b603a974f34ed004641972824ef876a33b09f49ab41002ad807fd72f2d,"From 22 Sept 2022 the Fed federal funds target range was 3.00 to 3.25%, up 75 bps from 2.25 to 2.50%."
US,United States,Federal Reserve,Federal funds target range,2022-11-03,range,4.0,400,3.75,4.0,3.25,75,hike,us-range,policy,official,us-fred-dfedtaru,https://fred.stlouisfed.org/series/DFEDTARU,US-2022-11-02,03ec07b603a974f34ed004641972824ef876a33b09f49ab41002ad807fd72f2d,"From 3 Nov 2022 the Fed federal funds target range was 3.75 to 4.00%, up 75 bps from 3.00 to 3.25%."
US,United States,Federal Reserve,Federal funds target range,2022-12-15,range,4.5,450,4.25,4.5,4.0,50,hike,us-range,policy,official,us-fred-dfedtaru,https://fred.stlouisfed.org/series/DFEDTARU,US-2022-12-14,03ec07b603a974f34ed004641972824ef876a33b09f49ab41002ad807fd72f2d,"From 15 Dec 2022 the Fed federal funds target range was 4.25 to 4.50%, up 50 bps from 3.75 to 4.00%."
US,United States,Federal Reserve,Federal funds target range,2023-02-02,range,4.75,475,4.5,4.75,4.5,25,hike,us-range,policy,official,us-fred-dfedtaru,https://fred.stlouisfed.org/series/DFEDTARU,US-2023-02-01,03ec07b603a974f34ed004641972824ef876a33b09f49ab41002ad807fd72f2d,"From 2 Feb 2023 the Fed federal funds target range was 4.50 to 4.75%, up 25 bps from 4.25 to 4.50%."
US,United States,Federal Reserve,Federal funds target range,2023-03-23,range,5.0,500,4.75,5.0,4.75,25,hike,us-range,policy,official,us-fred-dfedtaru,https://fred.stlouisfed.org/series/DFEDTARU,US-2023-03-22,03ec07b603a974f34ed004641972824ef876a33b09f49ab41002ad807fd72f2d,"From 23 Mar 2023 the Fed federal funds target range was 4.75 to 5.00%, up 25 bps from 4.50 to 4.75%."
US,United States,Federal Reserve,Federal funds target range,2023-05-04,range,5.25,525,5.0,5.25,5.0,25,hike,us-range,policy,official,us-fred-dfedtaru,https://fred.stlouisfed.org/series/DFEDTARU,US-2023-05-03,03ec07b603a974f34ed004641972824ef876a33b09f49ab41002ad807fd72f2d,"From 4 May 2023 the Fed federal funds target range was 5.00 to 5.25%, up 25 bps from 4.75 to 5.00%."
US,United States,Federal Reserve,Federal funds target range,2023-07-27,range,5.5,550,5.25,5.5,5.25,25,hike,us-range,policy,official,us-fred-dfedtaru,https://fred.stlouisfed.org/series/DFEDTARU,US-2023-07-26,03ec07b603a974f34ed004641972824ef876a33b09f49ab41002ad807fd72f2d,"From 27 Jul 2023 the Fed federal funds target range was 5.25 to 5.50%, up 25 bps from 5.00 to 5.25%."
US,United States,Federal Reserve,Federal funds target range,2024-09-19,range,5.0,500,4.75,5.0,5.5,-50,cut,us-range,policy,official,us-fred-dfedtaru,https://fred.stlouisfed.org/series/DFEDTARU,US-2024-09-18,03ec07b603a974f34ed004641972824ef876a33b09f49ab41002ad807fd72f2d,"From 19 Sept 2024 the Fed federal funds target range was 4.75 to 5.00%, down 50 bps from 5.25 to 5.50%."
US,United States,Federal Reserve,Federal funds target range,2024-11-08,range,4.75,475,4.5,4.75,5.0,-25,cut,us-range,policy,official,us-fred-dfedtaru,https://fred.stlouisfed.org/series/DFEDTARU,US-2024-11-07,03ec07b603a974f34ed004641972824ef876a33b09f49ab41002ad807fd72f2d,"From 8 Nov 2024 the Fed federal funds target range was 4.50 to 4.75%, down 25 bps from 4.75 to 5.00%."
US,United States,Federal Reserve,Federal funds target range,2024-12-19,range,4.5,450,4.25,4.5,4.75,-25,cut,us-range,policy,official,us-fred-dfedtaru,https://fred.stlouisfed.org/series/DFEDTARU,US-2024-12-18,03ec07b603a974f34ed004641972824ef876a33b09f49ab41002ad807fd72f2d,"From 19 Dec 2024 the Fed federal funds target range was 4.25 to 4.50%, down 25 bps from 4.50 to 4.75%."
US,United States,Federal Reserve,Federal funds target range,2025-09-18,range,4.25,425,4.0,4.25,4.5,-25,cut,us-range,policy,official,us-fred-dfedtaru,https://fred.stlouisfed.org/series/DFEDTARU,US-2025-09-17,03ec07b603a974f34ed004641972824ef876a33b09f49ab41002ad807fd72f2d,"From 18 Sept 2025 the Fed federal funds target range was 4.00 to 4.25%, down 25 bps from 4.25 to 4.50%."
US,United States,Federal Reserve,Federal funds target range,2025-10-30,range,4.0,400,3.75,4.0,4.25,-25,cut,us-range,policy,official,us-fred-dfedtaru,https://fred.stlouisfed.org/series/DFEDTARU,US-2025-10-29,03ec07b603a974f34ed004641972824ef876a33b09f49ab41002ad807fd72f2d,"From 30 Oct 2025 the Fed federal funds target range was 3.75 to 4.00%, down 25 bps from 4.00 to 4.25%."
US,United States,Federal Reserve,Federal funds target range,2025-12-11,range,3.75,375,3.5,3.75,4.0,-25,cut,us-range,policy,official,us-fred-dfedtaru,https://fred.stlouisfed.org/series/DFEDTARU,US-2025-12-10,03ec07b603a974f34ed004641972824ef876a33b09f49ab41002ad807fd72f2d,"From 11 Dec 2025 the Fed federal funds target range was 3.50 to 3.75%, down 25 bps from 3.75 to 4.00%."
US,United States,Federal Reserve,Federal funds target range,2026-09-17,range,4.0,400,3.75,4.0,3.75,25,hike,us-range,policy,official,us-fred-dfedtaru,https://fred.stlouisfed.org/series/DFEDTARU,US-2026-09-16,03ec07b603a974f34ed004641972824ef876a33b09f49ab41002ad807fd72f2d,"From 17 Sept 2026 the Fed federal funds target range was 3.75 to 4.00%, up 25 bps from 3.50 to 3.75%."
EA,Euro area,European Central Bank,Deposit facility rate,1999-11-05,point,2.0,200,2.0,2.0,,,initial,ea-dfr,policy,official,ea-ecb-dfr,https://data.ecb.europa.eu/data/datasets/FM/FM.D.U2.EUR.4F.KR.DFR.LEV,,499b2f064dfe033ce9bc5d0dabb98ef8e48b2db44d66ff48a02ec929e91acb1b,"The ECB deposit facility rate was 2.00% on 5 Nov 1999, the first point in this series."
EA,Euro area,European Central Bank,Deposit facility rate,2000-02-04,point,2.25,225,2.25,2.25,2.0,25,hike,ea-dfr,policy,official,ea-ecb-dfr,https://data.ecb.europa.eu/data/datasets/FM/FM.D.U2.EUR.4F.KR.DFR.LEV,,499b2f064dfe033ce9bc5d0dabb98ef8e48b2db44d66ff48a02ec929e91acb1b,"From 4 Feb 2000 the ECB deposit facility rate was 2.25%, up 25 bps from 2.00%."
EA,Euro area,European Central Bank,Deposit facility rate,2000-03-17,point,2.5,250,2.5,2.5,2.25,25,hike,ea-dfr,policy,official,ea-ecb-dfr,https://data.ecb.europa.eu/data/datasets/FM/FM.D.U2.EUR.4F.KR.DFR.LEV,,499b2f064dfe033ce9bc5d0dabb98ef8e48b2db44d66ff48a02ec929e91acb1b,"From 17 Mar 2000 the ECB deposit facility rate was 2.50%, up 25 bps from 2.25%."
EA,Euro area,European Central Bank,Deposit facility rate,2000-04-28,point,2.75,275,2.75,2.75,2.5,25,hike,ea-dfr,policy,official,ea-ecb-dfr,https://data.ecb.europa.eu/data/datasets/FM/FM.D.U2.EUR.4F.KR.DFR.LEV,,499b2f064dfe033ce9bc5d0dabb98ef8e48b2db44d66ff48a02ec929e91acb1b,"From 28 Apr 2000 the ECB deposit facility rate was 2.75%, up 25 bps from 2.50%."
EA,Euro area,European Central Bank,Deposit facility rate,2000-06-09,point,3.25,325,3.25,3.25,2.75,50,hike,ea-dfr,policy,official,ea-ecb-dfr,https://data.ecb.europa.eu/data/datasets/FM/FM.D.U2.EUR.4F.KR.DFR.LEV,,499b2f064dfe033ce9bc5d0dabb98ef8e48b2db44d66ff48a02ec929e91acb1b,"From 9 Jun 2000 the ECB deposit facility rate was 3.25%, up 50 bps from 2.75%."
EA,Euro area,European Central Bank,Deposit facility rate,2000-09-01,point,3.5,350,3.5,3.5,3.25,25,hike,ea-dfr,policy,official,ea-ecb-dfr,https://data.ecb.europa.eu/data/datasets/FM/FM.D.U2.EUR.4F.KR.DFR.LEV,,499b2f064dfe033ce9bc5d0dabb98ef8e48b2db44d66ff48a02ec929e91acb1b,"From 1 Sept 2000 the ECB deposit facility rate was 3.50%, up 25 bps from 3.25%."
EA,Euro area,European Central Bank,Deposit facility rate,2000-10-06,point,3.75,375,3.75,3.75,3.5,25,hike,ea-dfr,policy,official,ea-ecb-dfr,https://data.ecb.europa.eu/data/datasets/FM/FM.D.U2.EUR.4F.KR.DFR.LEV,,499b2f064dfe033ce9bc5d0dabb98ef8e48b2db44d66ff48a02ec929e91acb1b,"From 6 Oct 2000 the ECB deposit facility rate was 3.75%, up 25 bps from 3.50%."
EA,Euro area,European Central Bank,Deposit facility rate,2001-05-11,point,3.5,350,3.5,3.5,3.75,-25,cut,ea-dfr,policy,official,ea-ecb-dfr,https://data.ecb.europa.eu/data/datasets/FM/FM.D.U2.EUR.4F.KR.DFR.LEV,,499b2f064dfe033ce9bc5d0dabb98ef8e48b2db44d66ff48a02ec929e91acb1b,"From 11 May 2001 the ECB deposit facility rate was 3.50%, down 25 bps from 3.75%."
EA,Euro area,European Central Bank,Deposit facility rate,2001-08-31,point,3.25,325,3.25,3.25,3.5,-25,cut,ea-dfr,policy,official,ea-ecb-dfr,https://data.ecb.europa.eu/data/datasets/FM/FM.D.U2.EUR.4F.KR.DFR.LEV,,499b2f064dfe033ce9bc5d0dabb98ef8e48b2db44d66ff48a02ec929e91acb1b,"From 31 Aug 2001 the ECB deposit facility rate was 3.25%, down 25 bps from 3.50%."
EA,Euro area,European Central Bank,Deposit facility rate,2001-09-18,point,2.75,275,2.75,2.75,3.25,-50,cut,ea-dfr,policy,official,ea-ecb-dfr,https://data.ecb.europa.eu/data/datasets/FM/FM.D.U2.EUR.4F.KR.DFR.LEV,,499b2f064dfe033ce9bc5d0dabb98ef8e48b2db44d66ff48a02ec929e91acb1b,"From 18 Sept 2001 the ECB deposit facility rate was 2.75%, down 50 bps from 3.25%."
EA,Euro area,European Central Bank,Deposit facility rate,2001-11-09,point,2.25,225,2.25,2.25,2.75,-50,cut,ea-dfr,policy,official,ea-ecb-dfr,https://data.ecb.europa.eu/data/datasets/FM/FM.D.U2.EUR.4F.KR.DFR.LEV,,499b2f064dfe033ce9bc5d0dabb98ef8e48b2db44d66ff48a02ec929e91acb1b,"From 9 Nov 2001 the ECB deposit facility rate was 2.25%, down 50 bps from 2.75%."
EA,Euro area,European Central Bank,Deposit facility rate,2002-12-06,point,1.75,175,1.75,1.75,2.25,-50,cut,ea-dfr,policy,official,ea-ecb-dfr,https://data.ecb.europa.eu/data/datasets/FM/FM.D.U2.EUR.4F.KR.DFR.LEV,,499b2f064dfe033ce9bc5d0dabb98ef8e48b2db44d66ff48a02ec929e91acb1b,"From 6 Dec 2002 the ECB deposit facility rate was 1.75%, down 50 bps from 2.25%."
EA,Euro area,European Central Bank,Deposit facility rate,2003-03-07,point,1.5,150,1.5,1.5,1.75,-25,cut,ea-dfr,policy,official,ea-ecb-dfr,https://data.ecb.europa.eu/data/datasets/FM/FM.D.U2.EUR.4F.KR.DFR.LEV,,499b2f064dfe033ce9bc5d0dabb98ef8e48b2db44d66ff48a02ec929e91acb1b,"From 7 Mar 2003 the ECB deposit facility rate was 1.50%, down 25 bps from 1.75%."
EA,Euro area,European Central Bank,Deposit facility rate,2003-06-06,point,1.0,100,1.0,1.0,1.5,-50,cut,ea-dfr,policy,official,ea-ecb-dfr,https://data.ecb.europa.eu/data/datasets/FM/FM.D.U2.EUR.4F.KR.DFR.LEV,,499b2f064dfe033ce9bc5d0dabb98ef8e48b2db44d66ff48a02ec929e91acb1b,"From 6 Jun 2003 the ECB deposit facility rate was 1.00%, down 50 bps from 1.50%."
EA,Euro area,European Central Bank,Deposit facility rate,2005-12-06,point,1.25,125,1.25,1.25,1.0,25,hike,ea-dfr,policy,official,ea-ecb-dfr,https://data.ecb.europa.eu/data/datasets/FM/FM.D.U2.EUR.4F.KR.DFR.LEV,,499b2f064dfe033ce9bc5d0dabb98ef8e48b2db44d66ff48a02ec929e91acb1b,"From 6 Dec 2005 the ECB deposit facility rate was 1.25%, up 25 bps from 1.00%."
EA,Euro area,European Central Bank,Deposit facility rate,2006-03-08,point,1.5,150,1.5,1.5,1.25,25,hike,ea-dfr,policy,official,ea-ecb-dfr,https://data.ecb.europa.eu/data/datasets/FM/FM.D.U2.EUR.4F.KR.DFR.LEV,,499b2f064dfe033ce9bc5d0dabb98ef8e48b2db44d66ff48a02ec929e91acb1b,"From 8 Mar 2006 the ECB deposit facility rate was 1.50%, up 25 bps from 1.25%."
EA,Euro area,European Central Bank,Deposit facility rate,2006-06-15,point,1.75,175,1.75,1.75,1.5,25,hike,ea-dfr,policy,official,ea-ecb-dfr,https://data.ecb.europa.eu/data/datasets/FM/FM.D.U2.EUR.4F.KR.DFR.LEV,,499b2f064dfe033ce9bc5d0dabb98ef8e48b2db44d66ff48a02ec929e91acb1b,"From 15 Jun 2006 the ECB deposit facility rate was 1.75%, up 25 bps from 1.50%."
EA,Euro area,European Central Bank,Deposit facility rate,2006-08-09,point,2.0,200,2.0,2.0,1.75,25,hike,ea-dfr,policy,official,ea-ecb-dfr,https://data.ecb.europa.eu/data/datasets/FM/FM.D.U2.EUR.4F.KR.DFR.LEV,,499b2f064dfe033ce9bc5d0dabb98ef8e48b2db44d66ff48a02ec929e91acb1b,"From 9 Aug 2006 the ECB deposit facility rate was 2.00%, up 25 bps from 1.75%."
EA,Euro area,European Central Bank,Deposit facility rate,2006-10-11,point,2.25,225,2.25,2.25,2.0,25,hike,ea-dfr,policy,official,ea-ecb-dfr,https://data.ecb.europa.eu/data/datasets/FM/FM.D.U2.EUR.4F.KR.DFR.LEV,,499b2f064dfe033ce9bc5d0dabb98ef8e48b2db44d66ff48a02ec929e91acb1b,"From 11 Oct 2006 the ECB deposit facility rate was 2.25%, up 25 bps from 2.00%."
EA,Euro area,European Central Bank,Deposit facility rate,2006-12-13,point,2.5,250,2.5,2.5,2.25,25,hike,ea-dfr,policy,official,ea-ecb-dfr,https://data.ecb.europa.eu/data/datasets/FM/FM.D.U2.EUR.4F.KR.DFR.LEV,,499b2f064dfe033ce9bc5d0dabb98ef8e48b2db44d66ff48a02ec929e91acb1b,"From 13 Dec 2006 the ECB deposit facility rate was 2.50%, up 25 bps from 2.25%."
EA,Euro area,European Central Bank,Deposit facility rate,2007-03-14,point,2.75,275,2.75,2.75,2.5,25,hike,ea-dfr,policy,official,ea-ecb-dfr,https://data.ecb.europa.eu/data/datasets/FM/FM.D.U2.EUR.4F.KR.DFR.LEV,,499b2f064dfe033ce9bc5d0dabb98ef8e48b2db44d66ff48a02ec929e91acb1b,"From 14 Mar 2007 the ECB deposit facility rate was 2.75%, up 25 bps from 2.50%."
EA,Euro area,European Central Bank,Deposit facility rate,2007-06-13,point,3.0,300,3.0,3.0,2.75,25,hike,ea-dfr,policy,official,ea-ecb-dfr,https://data.ecb.europa.eu/data/datasets/FM/FM.D.U2.EUR.4F.KR.DFR.LEV,,499b2f064dfe033ce9bc5d0dabb98ef8e48b2db44d66ff48a02ec929e91acb1b,"From 13 Jun 2007 the ECB deposit facility rate was 3.00%, up 25 bps from 2.75%."
EA,Euro area,European Central Bank,Deposit facility rate,2008-07-09,point,3.25,325,3.25,3.25,3.0,25,hike,ea-dfr,policy,official,ea-ecb-dfr,https://data.ecb.europa.eu/data/datasets/FM/FM.D.U2.EUR.4F.KR.DFR.LEV,,499b2f064dfe033ce9bc5d0dabb98ef8e48b2db44d66ff48a02ec929e91acb1b,"From 9 Jul 2008 the ECB deposit facility rate was 3.25%, up 25 bps from 3.00%."
EA,Euro area,European Central Bank,Deposit facility rate,2008-10-08,point,2.75,275,2.75,2.75,3.25,-50,cut,ea-dfr,policy,official,ea-ecb-dfr,https://data.ecb.europa.eu/data/datasets/FM/FM.D.U2.EUR.4F.KR.DFR.LEV,,499b2f064dfe033ce9bc5d0dabb98ef8e48b2db44d66ff48a02ec929e91acb1b,"From 8 Oct 2008 the ECB deposit facility rate was 2.75%, down 50 bps from 3.25%."
EA,Euro area,European Central Bank,Deposit facility rate,2008-10-09,point,3.25,325,3.25,3.25,2.75,50,hike,ea-dfr,policy,official,ea-ecb-dfr,https://data.ecb.europa.eu/data/datasets/FM/FM.D.U2.EUR.4F.KR.DFR.LEV,,499b2f064dfe033ce9bc5d0dabb98ef8e48b2db44d66ff48a02ec929e91acb1b,"From 9 Oct 2008 the ECB deposit facility rate was 3.25%, up 50 bps from 2.75%."
EA,Euro area,European Central Bank,Deposit facility rate,2008-11-12,point,2.75,275,2.75,2.75,3.25,-50,cut,ea-dfr,policy,official,ea-ecb-dfr,https://data.ecb.europa.eu/data/datasets/FM/FM.D.U2.EUR.4F.KR.DFR.LEV,,499b2f064dfe033ce9bc5d0dabb98ef8e48b2db44d66ff48a02ec929e91acb1b,"From 12 Nov 2008 the ECB deposit facility rate was 2.75%, down 50 bps from 3.25%."
EA,Euro area,European Central Bank,Deposit facility rate,2008-12-10,point,2.0,200,2.0,2.0,2.75,-75,cut,ea-dfr,policy,official,ea-ecb-dfr,https://data.ecb.europa.eu/data/datasets/FM/FM.D.U2.EUR.4F.KR.DFR.LEV,,499b2f064dfe033ce9bc5d0dabb98ef8e48b2db44d66ff48a02ec929e91acb1b,"From 10 Dec 2008 the ECB deposit facility rate was 2.00%, down 75 bps from 2.75%."
EA,Euro area,European Central Bank,Deposit facility rate,2009-01-21,point,1.0,100,1.0,1.0,2.0,-100,cut,ea-dfr,policy,official,ea-ecb-dfr,https://data.ecb.europa.eu/data/datasets/FM/FM.D.U2.EUR.4F.KR.DFR.LEV,,499b2f064dfe033ce9bc5d0dabb98ef8e48b2db44d66ff48a02ec929e91acb1b,"From 21 Jan 2009 the ECB deposit facility rate was 1.00%, down 100 bps from 2.00%."
EA,Euro area,European Central Bank,Deposit facility rate,2009-03-11,point,0.5,50,0.5,0.5,1.0,-50,cut,ea-dfr,policy,official,ea-ecb-dfr,https://data.ecb.europa.eu/data/datasets/FM/FM.D.U2.EUR.4F.KR.DFR.LEV,,499b2f064dfe033ce9bc5d0dabb98ef8e48b2db44d66ff48a02ec929e91acb1b,"From 11 Mar 2009 the ECB deposit facility rate was 0.50%, down 50 bps from 1.00%."
EA,Euro area,European Central Bank,Deposit facility rate,2009-04-08,point,0.25,25,0.25,0.25,0.5,-25,cut,ea-dfr,policy,official,ea-ecb-dfr,https://data.ecb.europa.eu/data/datasets/FM/FM.D.U2.EUR.4F.KR.DFR.LEV,,499b2f064dfe033ce9bc5d0dabb98ef8e48b2db44d66ff48a02ec929e91acb1b,"From 8 Apr 2009 the ECB deposit facility rate was 0.25%, down 25 bps from 0.50%."
EA,Euro area,European Central Bank,Deposit facility rate,2011-04-13,point,0.5,50,0.5,0.5,0.25,25,hike,ea-dfr,policy,official,ea-ecb-dfr,https://data.ecb.europa.eu/data/datasets/FM/FM.D.U2.EUR.4F.KR.DFR.LEV,,499b2f064dfe033ce9bc5d0dabb98ef8e48b2db44d66ff48a02ec929e91acb1b,"From 13 Apr 2011 the ECB deposit facility rate was 0.50%, up 25 bps from 0.25%."
EA,Euro area,European Central Bank,Deposit facility rate,2011-07-13,point,0.75,75,0.75,0.75,0.5,25,hike,ea-dfr,policy,official,ea-ecb-dfr,https://data.ecb.europa.eu/data/datasets/FM/FM.D.U2.EUR.4F.KR.DFR.LEV,,499b2f064dfe033ce9bc5d0dabb98ef8e48b2db44d66ff48a02ec929e91acb1b,"From 13 Jul 2011 the ECB deposit facility rate was 0.75%, up 25 bps from 0.50%."
EA,Euro area,European Central Bank,Deposit facility rate,2011-11-09,point,0.5,50,0.5,0.5,0.75,-25,cut,ea-dfr,policy,official,ea-ecb-dfr,https://data.ecb.europa.eu/data/datasets/FM/FM.D.U2.EUR.4F.KR.DFR.LEV,,499b2f064dfe033ce9bc5d0dabb98ef8e48b2db44d66ff48a02ec929e91acb1b,"From 9 Nov 2011 the ECB deposit facility rate was 0.50%, down 25 bps from 0.75%."
EA,Euro area,European Central Bank,Deposit facility rate,2011-12-14,point,0.25,25,0.25,0.25,0.5,-25,cut,ea-dfr,policy,official,ea-ecb-dfr,https://data.ecb.europa.eu/data/datasets/FM/FM.D.U2.EUR.4F.KR.DFR.LEV,,499b2f064dfe033ce9bc5d0dabb98ef8e48b2db44d66ff48a02ec929e91acb1b,"From 14 Dec 2011 the ECB deposit facility rate was 0.25%, down 25 bps from 0.50%."
EA,Euro area,European Central Bank,Deposit facility rate,2012-07-11,point,0.0,0,0.0,0.0,0.25,-25,cut,ea-dfr,policy,official,ea-ecb-dfr,https://data.ecb.europa.eu/data/datasets/FM/FM.D.U2.EUR.4F.KR.DFR.LEV,,499b2f064dfe033ce9bc5d0dabb98ef8e48b2db44d66ff48a02ec929e91acb1b,"From 11 Jul 2012 the ECB deposit facility rate was 0.00%, down 25 bps from 0.25%."
EA,Euro area,European Central Bank,Deposit facility rate,2014-06-11,point,-0.1,-10,-0.1,-0.1,0.0,-10,cut,ea-dfr,policy,official,ea-ecb-dfr,https://data.ecb.europa.eu/data/datasets/FM/FM.D.U2.EUR.4F.KR.DFR.LEV,,499b2f064dfe033ce9bc5d0dabb98ef8e48b2db44d66ff48a02ec929e91acb1b,"From 11 Jun 2014 the ECB deposit facility rate was -0.10%, down 10 bps from 0.00%."
EA,Euro area,European Central Bank,Deposit facility rate,2014-09-10,point,-0.2,-20,-0.2,-0.2,-0.1,-10,cut,ea-dfr,policy,official,ea-ecb-dfr,https://data.ecb.europa.eu/data/datasets/FM/FM.D.U2.EUR.4F.KR.DFR.LEV,,499b2f064dfe033ce9bc5d0dabb98ef8e48b2db44d66ff48a02ec929e91acb1b,"From 10 Sept 2014 the ECB deposit facility rate was -0.20%, down 10 bps from -0.10%."
EA,Euro area,European Central Bank,Deposit facility rate,2015-12-09,point,-0.3,-30,-0.3,-0.3,-0.2,-10,cut,ea-dfr,policy,official,ea-ecb-dfr,https://data.ecb.europa.eu/data/datasets/FM/FM.D.U2.EUR.4F.KR.DFR.LEV,,499b2f064dfe033ce9bc5d0dabb98ef8e48b2db44d66ff48a02ec929e91acb1b,"From 9 Dec 2015 the ECB deposit facility rate was -0.30%, down 10 bps from -0.20%."
EA,Euro area,European Central Bank,Deposit facility rate,2016-03-16,point,-0.4,-40,-0.4,-0.4,-0.3,-10,cut,ea-dfr,policy,official,ea-ecb-dfr,https://data.ecb.europa.eu/data/datasets/FM/FM.D.U2.EUR.4F.KR.DFR.LEV,,499b2f064dfe033ce9bc5d0dabb98ef8e48b2db44d66ff48a02ec929e91acb1b,"From 16 Mar 2016 the ECB deposit facility rate was -0.40%, down 10 bps from -0.30%."
EA,Euro area,European Central Bank,Deposit facility rate,2019-09-18,point,-0.5,-50,-0.5,-0.5,-0.4,-10,cut,ea-dfr,policy,official,ea-ecb-dfr,https://data.ecb.europa.eu/data/datasets/FM/FM.D.U2.EUR.4F.KR.DFR.LEV,,499b2f064dfe033ce9bc5d0dabb98ef8e48b2db44d66ff48a02ec929e91acb1b,"From 18 Sept 2019 the ECB deposit facility rate was -0.50%, down 10 bps from -0.40%."
EA,Euro area,European Central Bank,Deposit facility rate,2022-07-27,point,0.0,0,0.0,0.0,-0.5,50,hike,ea-dfr,policy,official,ea-ecb-dfr,https://data.ecb.europa.eu/data/datasets/FM/FM.D.U2.EUR.4F.KR.DFR.LEV,,499b2f064dfe033ce9bc5d0dabb98ef8e48b2db44d66ff48a02ec929e91acb1b,"From 27 Jul 2022 the ECB deposit facility rate was 0.00%, up 50 bps from -0.50%."
EA,Euro area,European Central Bank,Deposit facility rate,2022-09-14,point,0.75,75,0.75,0.75,0.0,75,hike,ea-dfr,policy,official,ea-ecb-dfr,https://data.ecb.europa.eu/data/datasets/FM/FM.D.U2.EUR.4F.KR.DFR.LEV,,499b2f064dfe033ce9bc5d0dabb98ef8e48b2db44d66ff48a02ec929e91acb1b,"From 14 Sept 2022 the ECB deposit facility rate was 0.75%, up 75 bps from 0.00%."
EA,Euro area,European Central Bank,Deposit facility rate,2022-11-02,point,1.5,150,1.5,1.5,0.75,75,hike,ea-dfr,policy,official,ea-ecb-dfr,https://data.ecb.europa.eu/data/datasets/FM/FM.D.U2.EUR.4F.KR.DFR.LEV,,499b2f064dfe033ce9bc5d0dabb98ef8e48b2db44d66ff48a02ec929e91acb1b,"From 2 Nov 2022 the ECB deposit facility rate was 1.50%, up 75 bps from 0.75%."
EA,Euro area,European Central Bank,Deposit facility rate,2022-12-21,point,2.0,200,2.0,2.0,1.5,50,hike,ea-dfr,policy,official,ea-ecb-dfr,https://data.ecb.europa.eu/data/datasets/FM/FM.D.U2.EUR.4F.KR.DFR.LEV,,499b2f064dfe033ce9bc5d0dabb98ef8e48b2db44d66ff48a02ec929e91acb1b,"From 21 Dec 2022 the ECB deposit facility rate was 2.00%, up 50 bps from 1.50%."
EA,Euro area,European Central Bank,Deposit facility rate,2023-02-08,point,2.5,250,2.5,2.5,2.0,50,hike,ea-dfr,policy,official,ea-ecb-dfr,https://data.ecb.europa.eu/data/datasets/FM/FM.D.U2.EUR.4F.KR.DFR.LEV,,499b2f064dfe033ce9bc5d0dabb98ef8e48b2db44d66ff48a02ec929e91acb1b,"From 8 Feb 2023 the ECB deposit facility rate was 2.50%, up 50 bps from 2.00%."
EA,Euro area,European Central Bank,Deposit facility rate,2023-03-22,point,3.0,300,3.0,3.0,2.5,50,hike,ea-dfr,policy,official,ea-ecb-dfr,https://data.ecb.europa.eu/data/datasets/FM/FM.D.U2.EUR.4F.KR.DFR.LEV,,499b2f064dfe033ce9bc5d0dabb98ef8e48b2db44d66ff48a02ec929e91acb1b,"From 22 Mar 2023 the ECB deposit facility rate was 3.00%, up 50 bps from 2.50%."
EA,Euro area,European Central Bank,Deposit facility rate,2023-05-10,point,3.25,325,3.25,3.25,3.0,25,hike,ea-dfr,policy,official,ea-ecb-dfr,https://data.ecb.europa.eu/data/datasets/FM/FM.D.U2.EUR.4F.KR.DFR.LEV,,499b2f064dfe033ce9bc5d0dabb98ef8e48b2db44d66ff48a02ec929e91acb1b,"From 10 May 2023 the ECB deposit facility rate was 3.25%, up 25 bps from 3.00%."
EA,Euro area,European Central Bank,Deposit facility rate,2023-06-21,point,3.5,350,3.5,3.5,3.25,25,hike,ea-dfr,policy,official,ea-ecb-dfr,https://data.ecb.europa.eu/data/datasets/FM/FM.D.U2.EUR.4F.KR.DFR.LEV,,499b2f064dfe033ce9bc5d0dabb98ef8e48b2db44d66ff48a02ec929e91acb1b,"From 21 Jun 2023 the ECB deposit facility rate was 3.50%, up 25 bps from 3.25%."
EA,Euro area,European Central Bank,Deposit facility rate,2023-08-02,point,3.75,375,3.75,3.75,3.5,25,hike,ea-dfr,policy,official,ea-ecb-dfr,https://data.ecb.europa.eu/data/datasets/FM/FM.D.U2.EUR.4F.KR.DFR.LEV,,499b2f064dfe033ce9bc5d0dabb98ef8e48b2db44d66ff48a02ec929e91acb1b,"From 2 Aug 2023 the ECB deposit facility rate was 3.75%, up 25 bps from 3.50%."
EA,Euro area,European Central Bank,Deposit facility rate,2023-09-20,point,4.0,400,4.0,4.0,3.75,25,hike,ea-dfr,policy,official,ea-ecb-dfr,https://data.ecb.europa.eu/data/datasets/FM/FM.D.U2.EUR.4F.KR.DFR.LEV,,499b2f064dfe033ce9bc5d0dabb98ef8e48b2db44d66ff48a02ec929e91acb1b,"From 20 Sept 2023 the ECB deposit facility rate was 4.00%, up 25 bps from 3.75%."
EA,Euro area,European Central Bank,Deposit facility rate,2024-06-12,point,3.75,375,3.75,3.75,4.0,-25,cut,ea-dfr,policy,official,ea-ecb-dfr,https://data.ecb.europa.eu/data/datasets/FM/FM.D.U2.EUR.4F.KR.DFR.LEV,,499b2f064dfe033ce9bc5d0dabb98ef8e48b2db44d66ff48a02ec929e91acb1b,"From 12 Jun 2024 the ECB deposit facility rate was 3.75%, down 25 bps from 4.00%."
EA,Euro area,European Central Bank,Deposit facility rate,2024-09-18,point,3.5,350,3.5,3.5,3.75,-25,cut,ea-dfr,policy,official,ea-ecb-dfr,https://data.ecb.europa.eu/data/datasets/FM/FM.D.U2.EUR.4F.KR.DFR.LEV,,499b2f064dfe033ce9bc5d0dabb98ef8e48b2db44d66ff48a02ec929e91acb1b,"From 18 Sept 2024 the ECB deposit facility rate was 3.50%, down 25 bps from 3.75%."
EA,Euro area,European Central Bank,Deposit facility rate,2024-10-23,point,3.25,325,3.25,3.25,3.5,-25,cut,ea-dfr,policy,official,ea-ecb-dfr,https://data.ecb.europa.eu/data/datasets/FM/FM.D.U2.EUR.4F.KR.DFR.LEV,,499b2f064dfe033ce9bc5d0dabb98ef8e48b2db44d66ff48a02ec929e91acb1b,"From 23 Oct 2024 the ECB deposit facility rate was 3.25%, down 25 bps from 3.50%."
EA,Euro area,European Central Bank,Deposit facility rate,2024-12-18,point,3.0,300,3.0,3.0,3.25,-25,cut,ea-dfr,policy,official,ea-ecb-dfr,https://data.ecb.europa.eu/data/datasets/FM/FM.D.U2.EUR.4F.KR.DFR.LEV,,499b2f064dfe033ce9bc5d0dabb98ef8e48b2db44d66ff48a02ec929e91acb1b,"From 18 Dec 2024 the ECB deposit facility rate was 3.00%, down 25 bps from 3.25%."
EA,Euro area,European Central Bank,Deposit facility rate,2025-02-05,point,2.75,275,2.75,2.75,3.0,-25,cut,ea-dfr,policy,official,ea-ecb-dfr,https://data.ecb.europa.eu/data/datasets/FM/FM.D.U2.EUR.4F.KR.DFR.LEV,,499b2f064dfe033ce9bc5d0dabb98ef8e48b2db44d66ff48a02ec929e91acb1b,"From 5 Feb 2025 the ECB deposit facility rate was 2.75%, down 25 bps from 3.00%."
EA,Euro area,European Central Bank,Deposit facility rate,2025-03-12,point,2.5,250,2.5,2.5,2.75,-25,cut,ea-dfr,policy,official,ea-ecb-dfr,https://data.ecb.europa.eu/data/datasets/FM/FM.D.U2.EUR.4F.KR.DFR.LEV,,499b2f064dfe033ce9bc5d0dabb98ef8e48b2db44d66ff48a02ec929e91acb1b,"From 12 Mar 2025 the ECB deposit facility rate was 2.50%, down 25 bps from 2.75%."
EA,Euro area,European Central Bank,Deposit facility rate,2025-04-23,point,2.25,225,2.25,2.25,2.5,-25,cut,ea-dfr,policy,official,ea-ecb-dfr,https://data.ecb.europa.eu/data/datasets/FM/FM.D.U2.EUR.4F.KR.DFR.LEV,,499b2f064dfe033ce9bc5d0dabb98ef8e48b2db44d66ff48a02ec929e91acb1b,"From 23 Apr 2025 the ECB deposit facility rate was 2.25%, down 25 bps from 2.50%."
EA,Euro area,European Central Bank,Deposit facility rate,2025-06-11,point,2.0,200,2.0,2.0,2.25,-25,cut,ea-dfr,policy,official,ea-ecb-dfr,https://data.ecb.europa.eu/data/datasets/FM/FM.D.U2.EUR.4F.KR.DFR.LEV,,499b2f064dfe033ce9bc5d0dabb98ef8e48b2db44d66ff48a02ec929e91acb1b,"From 11 Jun 2025 the ECB deposit facility rate was 2.00%, down 25 bps from 2.25%."
EA,Euro area,European Central Bank,Deposit facility rate,2026-06-17,point,2.25,225,2.25,2.25,2.0,25,hike,ea-dfr,policy,official,ea-ecb-dfr,https://data.ecb.europa.eu/data/datasets/FM/FM.D.U2.EUR.4F.KR.DFR.LEV,,499b2f064dfe033ce9bc5d0dabb98ef8e48b2db44d66ff48a02ec929e91acb1b,"From 17 Jun 2026 the ECB deposit facility rate was 2.25%, up 25 bps from 2.00%."
EA,Euro area,European Central Bank,Deposit facility rate,2026-09-16,point,2.5,250,2.5,2.5,2.25,25,hike,ea-dfr,policy,official,ea-ecb-dfr,https://data.ecb.europa.eu/data/datasets/FM/FM.D.U2.EUR.4F.KR.DFR.LEV,,499b2f064dfe033ce9bc5d0dabb98ef8e48b2db44d66ff48a02ec929e91acb1b,"From 16 Sept 2026 the ECB deposit facility rate was 2.50%, up 25 bps from 2.25%."
GB,United Kingdom,Bank of England,Bank Rate,1999-11-04,point,5.5,550,5.5,5.5,,,initial,gb-bank-rate,policy,official,gb-boe-iudbedr,https://www.bankofengland.co.uk/boeapps/database/Bank-Rate.asp,,38d45b4be6a03ceca1a86a766772e94f807c1b0db7ca30408eed922982835ff1,"The BoE bank rate was 5.50% on 4 Nov 1999, the first point in this series."
GB,United Kingdom,Bank of England,Bank Rate,2000-01-13,point,5.75,575,5.75,5.75,5.5,25,hike,gb-bank-rate,policy,official,gb-boe-iudbedr,https://www.bankofengland.co.uk/boeapps/database/Bank-Rate.asp,,38d45b4be6a03ceca1a86a766772e94f807c1b0db7ca30408eed922982835ff1,"From 13 Jan 2000 the BoE bank rate was 5.75%, up 25 bps from 5.50%."
GB,United Kingdom,Bank of England,Bank Rate,2000-02-10,point,6.0,600,6.0,6.0,5.75,25,hike,gb-bank-rate,policy,official,gb-boe-iudbedr,https://www.bankofengland.co.uk/boeapps/database/Bank-Rate.asp,,38d45b4be6a03ceca1a86a766772e94f807c1b0db7ca30408eed922982835ff1,"From 10 Feb 2000 the BoE bank rate was 6.00%, up 25 bps from 5.75%."
GB,United Kingdom,Bank of England,Bank Rate,2001-02-08,point,5.75,575,5.75,5.75,6.0,-25,cut,gb-bank-rate,policy,official,gb-boe-iudbedr,https://www.bankofengland.co.uk/boeapps/database/Bank-Rate.asp,,38d45b4be6a03ceca1a86a766772e94f807c1b0db7ca30408eed922982835ff1,"From 8 Feb 2001 the BoE bank rate was 5.75%, down 25 bps from 6.00%."
GB,United Kingdom,Bank of England,Bank Rate,2001-04-05,point,5.5,550,5.5,5.5,5.75,-25,cut,gb-bank-rate,policy,official,gb-boe-iudbedr,https://www.bankofengland.co.uk/boeapps/database/Bank-Rate.asp,,38d45b4be6a03ceca1a86a766772e94f807c1b0db7ca30408eed922982835ff1,"From 5 Apr 2001 the BoE bank rate was 5.50%, down 25 bps from 5.75%."
GB,United Kingdom,Bank of England,Bank Rate,2001-05-10,point,5.25,525,5.25,5.25,5.5,-25,cut,gb-bank-rate,policy,official,gb-boe-iudbedr,https://www.bankofengland.co.uk/boeapps/database/Bank-Rate.asp,,38d45b4be6a03ceca1a86a766772e94f807c1b0db7ca30408eed922982835ff1,"From 10 May 2001 the BoE bank rate was 5.25%, down 25 bps from 5.50%."
GB,United Kingdom,Bank of England,Bank Rate,2001-08-02,point,5.0,500,5.0,5.0,5.25,-25,cut,gb-bank-rate,policy,official,gb-boe-iudbedr,https://www.bankofengland.co.uk/boeapps/database/Bank-Rate.asp,,38d45b4be6a03ceca1a86a766772e94f807c1b0db7ca30408eed922982835ff1,"From 2 Aug 2001 the BoE bank rate was 5.00%, down 25 bps from 5.25%."
GB,United Kingdom,Bank of England,Bank Rate,2001-09-18,point,4.75,475,4.75,4.75,5.0,-25,cut,gb-bank-rate,policy,official,gb-boe-iudbedr,https://www.bankofengland.co.uk/boeapps/database/Bank-Rate.asp,,38d45b4be6a03ceca1a86a766772e94f807c1b0db7ca30408eed922982835ff1,"From 18 Sept 2001 the BoE bank rate was 4.75%, down 25 bps from 5.00%."
GB,United Kingdom,Bank of England,Bank Rate,2001-10-04,point,4.5,450,4.5,4.5,4.75,-25,cut,gb-bank-rate,policy,official,gb-boe-iudbedr,https://www.bankofengland.co.uk/boeapps/database/Bank-Rate.asp,,38d45b4be6a03ceca1a86a766772e94f807c1b0db7ca30408eed922982835ff1,"From 4 Oct 2001 the BoE bank rate was 4.50%, down 25 bps from 4.75%."
GB,United Kingdom,Bank of England,Bank Rate,2001-11-08,point,4.0,400,4.0,4.0,4.5,-50,cut,gb-bank-rate,policy,official,gb-boe-iudbedr,https://www.bankofengland.co.uk/boeapps/database/Bank-Rate.asp,,38d45b4be6a03ceca1a86a766772e94f807c1b0db7ca30408eed922982835ff1,"From 8 Nov 2001 the BoE bank rate was 4.00%, down 50 bps from 4.50%."
GB,United Kingdom,Bank of England,Bank Rate,2003-02-06,point,3.75,375,3.75,3.75,4.0,-25,cut,gb-bank-rate,policy,official,gb-boe-iudbedr,https://www.bankofengland.co.uk/boeapps/database/Bank-Rate.asp,,38d45b4be6a03ceca1a86a766772e94f807c1b0db7ca30408eed922982835ff1,"From 6 Feb 2003 the BoE bank rate was 3.75%, down 25 bps from 4.00%."
GB,United Kingdom,Bank of England,Bank Rate,2003-07-10,point,3.5,350,3.5,3.5,3.75,-25,cut,gb-bank-rate,policy,official,gb-boe-iudbedr,https://www.bankofengland.co.uk/boeapps/database/Bank-Rate.asp,,38d45b4be6a03ceca1a86a766772e94f807c1b0db7ca30408eed922982835ff1,"From 10 Jul 2003 the BoE bank rate was 3.50%, down 25 bps from 3.75%."
GB,United Kingdom,Bank of England,Bank Rate,2003-11-06,point,3.75,375,3.75,3.75,3.5,25,hike,gb-bank-rate,policy,official,gb-boe-iudbedr,https://www.bankofengland.co.uk/boeapps/database/Bank-Rate.asp,,38d45b4be6a03ceca1a86a766772e94f807c1b0db7ca30408eed922982835ff1,"From 6 Nov 2003 the BoE bank rate was 3.75%, up 25 bps from 3.50%."
GB,United Kingdom,Bank of England,Bank Rate,2004-02-05,point,4.0,400,4.0,4.0,3.75,25,hike,gb-bank-rate,policy,official,gb-boe-iudbedr,https://www.bankofengland.co.uk/boeapps/database/Bank-Rate.asp,,38d45b4be6a03ceca1a86a766772e94f807c1b0db7ca30408eed922982835ff1,"From 5 Feb 2004 the BoE bank rate was 4.00%, up 25 bps from 3.75%."
GB,United Kingdom,Bank of England,Bank Rate,2004-05-06,point,4.25,425,4.25,4.25,4.0,25,hike,gb-bank-rate,policy,official,gb-boe-iudbedr,https://www.bankofengland.co.uk/boeapps/database/Bank-Rate.asp,,38d45b4be6a03ceca1a86a766772e94f807c1b0db7ca30408eed922982835ff1,"From 6 May 2004 the BoE bank rate was 4.25%, up 25 bps from 4.00%."
GB,United Kingdom,Bank of England,Bank Rate,2004-06-10,point,4.5,450,4.5,4.5,4.25,25,hike,gb-bank-rate,policy,official,gb-boe-iudbedr,https://www.bankofengland.co.uk/boeapps/database/Bank-Rate.asp,,38d45b4be6a03ceca1a86a766772e94f807c1b0db7ca30408eed922982835ff1,"From 10 Jun 2004 the BoE bank rate was 4.50%, up 25 bps from 4.25%."
GB,United Kingdom,Bank of England,Bank Rate,2004-08-05,point,4.75,475,4.75,4.75,4.5,25,hike,gb-bank-rate,policy,official,gb-boe-iudbedr,https://www.bankofengland.co.uk/boeapps/database/Bank-Rate.asp,,38d45b4be6a03ceca1a86a766772e94f807c1b0db7ca30408eed922982835ff1,"From 5 Aug 2004 the BoE bank rate was 4.75%, up 25 bps from 4.50%."
GB,United Kingdom,Bank of England,Bank Rate,2005-08-04,point,4.5,450,4.5,4.5,4.75,-25,cut,gb-bank-rate,policy,official,gb-boe-iudbedr,https://www.bankofengland.co.uk/boeapps/database/Bank-Rate.asp,,38d45b4be6a03ceca1a86a766772e94f807c1b0db7ca30408eed922982835ff1,"From 4 Aug 2005 the BoE bank rate was 4.50%, down 25 bps from 4.75%."
GB,United Kingdom,Bank of England,Bank Rate,2006-08-03,point,4.75,475,4.75,4.75,4.5,25,hike,gb-bank-rate,policy,official,gb-boe-iudbedr,https://www.bankofengland.co.uk/boeapps/database/Bank-Rate.asp,,38d45b4be6a03ceca1a86a766772e94f807c1b0db7ca30408eed922982835ff1,"From 3 Aug 2006 the BoE bank rate was 4.75%, up 25 bps from 4.50%."
GB,United Kingdom,Bank of England,Bank Rate,2006-11-09,point,5.0,500,5.0,5.0,4.75,25,hike,gb-bank-rate,policy,official,gb-boe-iudbedr,https://www.bankofengland.co.uk/boeapps/database/Bank-Rate.asp,,38d45b4be6a03ceca1a86a766772e94f807c1b0db7ca30408eed922982835ff1,"From 9 Nov 2006 the BoE bank rate was 5.00%, up 25 bps from 4.75%."
GB,United Kingdom,Bank of England,Bank Rate,2007-01-11,point,5.25,525,5.25,5.25,5.0,25,hike,gb-bank-rate,policy,official,gb-boe-iudbedr,https://www.bankofengland.co.uk/boeapps/database/Bank-Rate.asp,,38d45b4be6a03ceca1a86a766772e94f807c1b0db7ca30408eed922982835ff1,"From 11 Jan 2007 the BoE bank rate was 5.25%, up 25 bps from 5.00%."
GB,United Kingdom,Bank of England,Bank Rate,2007-05-10,point,5.5,550,5.5,5.5,5.25,25,hike,gb-bank-rate,policy,official,gb-boe-iudbedr,https://www.bankofengland.co.uk/boeapps/database/Bank-Rate.asp,,38d45b4be6a03ceca1a86a766772e94f807c1b0db7ca30408eed922982835ff1,"From 10 May 2007 the BoE bank rate was 5.50%, up 25 bps from 5.25%."
GB,United Kingdom,Bank of England,Bank Rate,2007-07-05,point,5.75,575,5.75,5.75,5.5,25,hike,gb-bank-rate,policy,official,gb-boe-iudbedr,https://www.bankofengland.co.uk/boeapps/database/Bank-Rate.asp,,38d45b4be6a03ceca1a86a766772e94f807c1b0db7ca30408eed922982835ff1,"From 5 Jul 2007 the BoE bank rate was 5.75%, up 25 bps from 5.50%."
GB,United Kingdom,Bank of England,Bank Rate,2007-12-06,point,5.5,550,5.5,5.5,5.75,-25,cut,gb-bank-rate,policy,official,gb-boe-iudbedr,https://www.bankofengland.co.uk/boeapps/database/Bank-Rate.asp,,38d45b4be6a03ceca1a86a766772e94f807c1b0db7ca30408eed922982835ff1,"From 6 Dec 2007 the BoE bank rate was 5.50%, down 25 bps from 5.75%."
GB,United Kingdom,Bank of England,Bank Rate,2008-02-07,point,5.25,525,5.25,5.25,5.5,-25,cut,gb-bank-rate,policy,official,gb-boe-iudbedr,https://www.bankofengland.co.uk/boeapps/database/Bank-Rate.asp,,38d45b4be6a03ceca1a86a766772e94f807c1b0db7ca30408eed922982835ff1,"From 7 Feb 2008 the BoE bank rate was 5.25%, down 25 bps from 5.50%."
GB,United Kingdom,Bank of England,Bank Rate,2008-04-10,point,5.0,500,5.0,5.0,5.25,-25,cut,gb-bank-rate,policy,official,gb-boe-iudbedr,https://www.bankofengland.co.uk/boeapps/database/Bank-Rate.asp,,38d45b4be6a03ceca1a86a766772e94f807c1b0db7ca30408eed922982835ff1,"From 10 Apr 2008 the BoE bank rate was 5.00%, down 25 bps from 5.25%."
GB,United Kingdom,Bank of England,Bank Rate,2008-10-08,point,4.5,450,4.5,4.5,5.0,-50,cut,gb-bank-rate,policy,official,gb-boe-iudbedr,https://www.bankofengland.co.uk/boeapps/database/Bank-Rate.asp,,38d45b4be6a03ceca1a86a766772e94f807c1b0db7ca30408eed922982835ff1,"From 8 Oct 2008 the BoE bank rate was 4.50%, down 50 bps from 5.00%."
GB,United Kingdom,Bank of England,Bank Rate,2008-11-06,point,3.0,300,3.0,3.0,4.5,-150,cut,gb-bank-rate,policy,official,gb-boe-iudbedr,https://www.bankofengland.co.uk/boeapps/database/Bank-Rate.asp,,38d45b4be6a03ceca1a86a766772e94f807c1b0db7ca30408eed922982835ff1,"From 6 Nov 2008 the BoE bank rate was 3.00%, down 150 bps from 4.50%."
GB,United Kingdom,Bank of England,Bank Rate,2008-12-04,point,2.0,200,2.0,2.0,3.0,-100,cut,gb-bank-rate,policy,official,gb-boe-iudbedr,https://www.bankofengland.co.uk/boeapps/database/Bank-Rate.asp,,38d45b4be6a03ceca1a86a766772e94f807c1b0db7ca30408eed922982835ff1,"From 4 Dec 2008 the BoE bank rate was 2.00%, down 100 bps from 3.00%."
GB,United Kingdom,Bank of England,Bank Rate,2009-01-08,point,1.5,150,1.5,1.5,2.0,-50,cut,gb-bank-rate,policy,official,gb-boe-iudbedr,https://www.bankofengland.co.uk/boeapps/database/Bank-Rate.asp,,38d45b4be6a03ceca1a86a766772e94f807c1b0db7ca30408eed922982835ff1,"From 8 Jan 2009 the BoE bank rate was 1.50%, down 50 bps from 2.00%."
GB,United Kingdom,Bank of England,Bank Rate,2009-02-05,point,1.0,100,1.0,1.0,1.5,-50,cut,gb-bank-rate,policy,official,gb-boe-iudbedr,https://www.bankofengland.co.uk/boeapps/database/Bank-Rate.asp,,38d45b4be6a03ceca1a86a766772e94f807c1b0db7ca30408eed922982835ff1,"From 5 Feb 2009 the BoE bank rate was 1.00%, down 50 bps from 1.50%."
GB,United Kingdom,Bank of England,Bank Rate,2009-03-05,point,0.5,50,0.5,0.5,1.0,-50,cut,gb-bank-rate,policy,official,gb-boe-iudbedr,https://www.bankofengland.co.uk/boeapps/database/Bank-Rate.asp,,38d45b4be6a03ceca1a86a766772e94f807c1b0db7ca30408eed922982835ff1,"From 5 Mar 2009 the BoE bank rate was 0.50%, down 50 bps from 1.00%."
GB,United Kingdom,Bank of England,Bank Rate,2016-08-04,point,0.25,25,0.25,0.25,0.5,-25,cut,gb-bank-rate,policy,official,gb-boe-iudbedr,https://www.bankofengland.co.uk/boeapps/database/Bank-Rate.asp,,38d45b4be6a03ceca1a86a766772e94f807c1b0db7ca30408eed922982835ff1,"From 4 Aug 2016 the BoE bank rate was 0.25%, down 25 bps from 0.50%."
GB,United Kingdom,Bank of England,Bank Rate,2017-11-02,point,0.5,50,0.5,0.5,0.25,25,hike,gb-bank-rate,policy,official,gb-boe-iudbedr,https://www.bankofengland.co.uk/boeapps/database/Bank-Rate.asp,,38d45b4be6a03ceca1a86a766772e94f807c1b0db7ca30408eed922982835ff1,"From 2 Nov 2017 the BoE bank rate was 0.50%, up 25 bps from 0.25%."
GB,United Kingdom,Bank of England,Bank Rate,2018-08-02,point,0.75,75,0.75,0.75,0.5,25,hike,gb-bank-rate,policy,official,gb-boe-iudbedr,https://www.bankofengland.co.uk/boeapps/database/Bank-Rate.asp,,38d45b4be6a03ceca1a86a766772e94f807c1b0db7ca30408eed922982835ff1,"From 2 Aug 2018 the BoE bank rate was 0.75%, up 25 bps from 0.50%."
GB,United Kingdom,Bank of England,Bank Rate,2020-03-11,point,0.25,25,0.25,0.25,0.75,-50,cut,gb-bank-rate,policy,official,gb-boe-iudbedr,https://www.bankofengland.co.uk/boeapps/database/Bank-Rate.asp,,38d45b4be6a03ceca1a86a766772e94f807c1b0db7ca30408eed922982835ff1,"From 11 Mar 2020 the BoE bank rate was 0.25%, down 50 bps from 0.75%."
GB,United Kingdom,Bank of England,Bank Rate,2020-03-19,point,0.1,10,0.1,0.1,0.25,-15,cut,gb-bank-rate,policy,official,gb-boe-iudbedr,https://www.bankofengland.co.uk/boeapps/database/Bank-Rate.asp,,38d45b4be6a03ceca1a86a766772e94f807c1b0db7ca30408eed922982835ff1,"From 19 Mar 2020 the BoE bank rate was 0.10%, down 15 bps from 0.25%."
GB,United Kingdom,Bank of England,Bank Rate,2021-12-16,point,0.25,25,0.25,0.25,0.1,15,hike,gb-bank-rate,policy,official,gb-boe-iudbedr,https://www.bankofengland.co.uk/boeapps/database/Bank-Rate.asp,,38d45b4be6a03ceca1a86a766772e94f807c1b0db7ca30408eed922982835ff1,"From 16 Dec 2021 the BoE bank rate was 0.25%, up 15 bps from 0.10%."
GB,United Kingdom,Bank of England,Bank Rate,2022-02-03,point,0.5,50,0.5,0.5,0.25,25,hike,gb-bank-rate,policy,official,gb-boe-iudbedr,https://www.bankofengland.co.uk/boeapps/database/Bank-Rate.asp,,38d45b4be6a03ceca1a86a766772e94f807c1b0db7ca30408eed922982835ff1,"From 3 Feb 2022 the BoE bank rate was 0.50%, up 25 bps from 0.25%."
GB,United Kingdom,Bank of England,Bank Rate,2022-03-17,point,0.75,75,0.75,0.75,0.5,25,hike,gb-bank-rate,policy,official,gb-boe-iudbedr,https://www.bankofengland.co.uk/boeapps/database/Bank-Rate.asp,,38d45b4be6a03ceca1a86a766772e94f807c1b0db7ca30408eed922982835ff1,"From 17 Mar 2022 the BoE bank rate was 0.75%, up 25 bps from 0.50%."
GB,United Kingdom,Bank of England,Bank Rate,2022-05-05,point,1.0,100,1.0,1.0,0.75,25,hike,gb-bank-rate,policy,official,gb-boe-iudbedr,https://www.bankofengland.co.uk/boeapps/database/Bank-Rate.asp,,38d45b4be6a03ceca1a86a766772e94f807c1b0db7ca30408eed922982835ff1,"From 5 May 2022 the BoE bank rate was 1.00%, up 25 bps from 0.75%."
GB,United Kingdom,Bank of England,Bank Rate,2022-06-16,point,1.25,125,1.25,1.25,1.0,25,hike,gb-bank-rate,policy,official,gb-boe-iudbedr,https://www.bankofengland.co.uk/boeapps/database/Bank-Rate.asp,,38d45b4be6a03ceca1a86a766772e94f807c1b0db7ca30408eed922982835ff1,"From 16 Jun 2022 the BoE bank rate was 1.25%, up 25 bps from 1.00%."
GB,United Kingdom,Bank of England,Bank Rate,2022-08-04,point,1.75,175,1.75,1.75,1.25,50,hike,gb-bank-rate,policy,official,gb-boe-iudbedr,https://www.bankofengland.co.uk/boeapps/database/Bank-Rate.asp,,38d45b4be6a03ceca1a86a766772e94f807c1b0db7ca30408eed922982835ff1,"From 4 Aug 2022 the BoE bank rate was 1.75%, up 50 bps from 1.25%."
GB,United Kingdom,Bank of England,Bank Rate,2022-09-22,point,2.25,225,2.25,2.25,1.75,50,hike,gb-bank-rate,policy,official,gb-boe-iudbedr,https://www.bankofengland.co.uk/boeapps/database/Bank-Rate.asp,,38d45b4be6a03ceca1a86a766772e94f807c1b0db7ca30408eed922982835ff1,"From 22 Sept 2022 the BoE bank rate was 2.25%, up 50 bps from 1.75%."
GB,United Kingdom,Bank of England,Bank Rate,2022-11-03,point,3.0,300,3.0,3.0,2.25,75,hike,gb-bank-rate,policy,official,gb-boe-iudbedr,https://www.bankofengland.co.uk/boeapps/database/Bank-Rate.asp,,38d45b4be6a03ceca1a86a766772e94f807c1b0db7ca30408eed922982835ff1,"From 3 Nov 2022 the BoE bank rate was 3.00%, up 75 bps from 2.25%."
GB,United Kingdom,Bank of England,Bank Rate,2022-12-15,point,3.5,350,3.5,3.5,3.0,50,hike,gb-bank-rate,policy,official,gb-boe-iudbedr,https://www.bankofengland.co.uk/boeapps/database/Bank-Rate.asp,,38d45b4be6a03ceca1a86a766772e94f807c1b0db7ca30408eed922982835ff1,"From 15 Dec 2022 the BoE bank rate was 3.50%, up 50 bps from 3.00%."
GB,United Kingdom,Bank of England,Bank Rate,2023-02-02,point,4.0,400,4.0,4.0,3.5,50,hike,gb-bank-rate,policy,official,gb-boe-iudbedr,https://www.bankofengland.co.uk/boeapps/database/Bank-Rate.asp,,38d45b4be6a03ceca1a86a766772e94f807c1b0db7ca30408eed922982835ff1,"From 2 Feb 2023 the BoE bank rate was 4.00%, up 50 bps from 3.50%."
GB,United Kingdom,Bank of England,Bank Rate,2023-03-23,point,4.25,425,4.25,4.25,4.0,25,hike,gb-bank-rate,policy,official,gb-boe-iudbedr,https://www.bankofengland.co.uk/boeapps/database/Bank-Rate.asp,,38d45b4be6a03ceca1a86a766772e94f807c1b0db7ca30408eed922982835ff1,"From 23 Mar 2023 the BoE bank rate was 4.25%, up 25 bps from 4.00%."
GB,United Kingdom,Bank of England,Bank Rate,2023-05-11,point,4.5,450,4.5,4.5,4.25,25,hike,gb-bank-rate,policy,official,gb-boe-iudbedr,https://www.bankofengland.co.uk/boeapps/database/Bank-Rate.asp,,38d45b4be6a03ceca1a86a766772e94f807c1b0db7ca30408eed922982835ff1,"From 11 May 2023 the BoE bank rate was 4.50%, up 25 bps from 4.25%."
GB,United Kingdom,Bank of England,Bank Rate,2023-06-22,point,5.0,500,5.0,5.0,4.5,50,hike,gb-bank-rate,policy,official,gb-boe-iudbedr,https://www.bankofengland.co.uk/boeapps/database/Bank-Rate.asp,,38d45b4be6a03ceca1a86a766772e94f807c1b0db7ca30408eed922982835ff1,"From 22 Jun 2023 the BoE bank rate was 5.00%, up 50 bps from 4.50%."
GB,United Kingdom,Bank of England,Bank Rate,2023-08-03,point,5.25,525,5.25,5.25,5.0,25,hike,gb-bank-rate,policy,official,gb-boe-iudbedr,https://www.bankofengland.co.uk/boeapps/database/Bank-Rate.asp,,38d45b4be6a03ceca1a86a766772e94f807c1b0db7ca30408eed922982835ff1,"From 3 Aug 2023 the BoE bank rate was 5.25%, up 25 bps from 5.00%."
GB,United Kingdom,Bank of England,Bank Rate,2024-08-01,point,5.0,500,5.0,5.0,5.25,-25,cut,gb-bank-rate,policy,official,gb-boe-iudbedr,https://www.bankofengland.co.uk/boeapps/database/Bank-Rate.asp,,38d45b4be6a03ceca1a86a766772e94f807c1b0db7ca30408eed922982835ff1,"From 1 Aug 2024 the BoE bank rate was 5.00%, down 25 bps from 5.25%."
GB,United Kingdom,Bank of England,Bank Rate,2024-11-07,point,4.75,475,4.75,4.75,5.0,-25,cut,gb-bank-rate,policy,official,gb-boe-iudbedr,https://www.bankofengland.co.uk/boeapps/database/Bank-Rate.asp,,38d45b4be6a03ceca1a86a766772e94f807c1b0db7ca30408eed922982835ff1,"From 7 Nov 2024 the BoE bank rate was 4.75%, down 25 bps from 5.00%."
GB,United Kingdom,Bank of England,Bank Rate,2025-02-06,point,4.5,450,4.5,4.5,4.75,-25,cut,gb-bank-rate,policy,official,gb-boe-iudbedr,https://www.bankofengland.co.uk/boeapps/database/Bank-Rate.asp,,38d45b4be6a03ceca1a86a766772e94f807c1b0db7ca30408eed922982835ff1,"From 6 Feb 2025 the BoE bank rate was 4.50%, down 25 bps from 4.75%."
GB,United Kingdom,Bank of England,Bank Rate,2025-05-08,point,4.25,425,4.25,4.25,4.5,-25,cut,gb-bank-rate,policy,official,gb-boe-iudbedr,https://www.bankofengland.co.uk/boeapps/database/Bank-Rate.asp,,38d45b4be6a03ceca1a86a766772e94f807c1b0db7ca30408eed922982835ff1,"From 8 May 2025 the BoE bank rate was 4.25%, down 25 bps from 4.50%."
GB,United Kingdom,Bank of England,Bank Rate,2025-08-07,point,4.0,400,4.0,4.0,4.25,-25,cut,gb-bank-rate,policy,official,gb-boe-iudbedr,https://www.bankofengland.co.uk/boeapps/database/Bank-Rate.asp,,38d45b4be6a03ceca1a86a766772e94f807c1b0db7ca30408eed922982835ff1,"From 7 Aug 2025 the BoE bank rate was 4.00%, down 25 bps from 4.25%."
GB,United Kingdom,Bank of England,Bank Rate,2025-12-18,point,3.75,375,3.75,3.75,4.0,-25,cut,gb-bank-rate,policy,official,gb-boe-iudbedr,https://www.bankofengland.co.uk/boeapps/database/Bank-Rate.asp,,38d45b4be6a03ceca1a86a766772e94f807c1b0db7ca30408eed922982835ff1,"From 18 Dec 2025 the BoE bank rate was 3.75%, down 25 bps from 4.00%."
CA,Canada,Bank of Canada,Target for the overnight rate,2009-04-21,point,0.25,25,0.25,0.25,,,initial,ca-overnight-target,policy,official,ca-boc-v39079,https://www.bankofcanada.ca/valet/observations/V39079,,5c0b58687989dd75230cd64f7ab6d37381e4eddaece2a82bb73a8d3ba6c41cf5,"The BoC target for the overnight rate was 0.25% on 21 Apr 2009, the first point in this series."
CA,Canada,Bank of Canada,Target for the overnight rate,2010-06-01,point,0.5,50,0.5,0.5,0.25,25,hike,ca-overnight-target,policy,official,ca-boc-v39079,https://www.bankofcanada.ca/valet/observations/V39079,,5c0b58687989dd75230cd64f7ab6d37381e4eddaece2a82bb73a8d3ba6c41cf5,"From 1 Jun 2010 the BoC target for the overnight rate was 0.50%, up 25 bps from 0.25%."
CA,Canada,Bank of Canada,Target for the overnight rate,2010-07-20,point,0.75,75,0.75,0.75,0.5,25,hike,ca-overnight-target,policy,official,ca-boc-v39079,https://www.bankofcanada.ca/valet/observations/V39079,,5c0b58687989dd75230cd64f7ab6d37381e4eddaece2a82bb73a8d3ba6c41cf5,"From 20 Jul 2010 the BoC target for the overnight rate was 0.75%, up 25 bps from 0.50%."
CA,Canada,Bank of Canada,Target for the overnight rate,2010-09-08,point,1.0,100,1.0,1.0,0.75,25,hike,ca-overnight-target,policy,official,ca-boc-v39079,https://www.bankofcanada.ca/valet/observations/V39079,,5c0b58687989dd75230cd64f7ab6d37381e4eddaece2a82bb73a8d3ba6c41cf5,"From 8 Sept 2010 the BoC target for the overnight rate was 1.00%, up 25 bps from 0.75%."
CA,Canada,Bank of Canada,Target for the overnight rate,2015-01-21,point,0.75,75,0.75,0.75,1.0,-25,cut,ca-overnight-target,policy,official,ca-boc-v39079,https://www.bankofcanada.ca/valet/observations/V39079,,5c0b58687989dd75230cd64f7ab6d37381e4eddaece2a82bb73a8d3ba6c41cf5,"From 21 Jan 2015 the BoC target for the overnight rate was 0.75%, down 25 bps from 1.00%."
CA,Canada,Bank of Canada,Target for the overnight rate,2015-07-15,point,0.5,50,0.5,0.5,0.75,-25,cut,ca-overnight-target,policy,official,ca-boc-v39079,https://www.bankofcanada.ca/valet/observations/V39079,,5c0b58687989dd75230cd64f7ab6d37381e4eddaece2a82bb73a8d3ba6c41cf5,"From 15 Jul 2015 the BoC target for the overnight rate was 0.50%, down 25 bps from 0.75%."
CA,Canada,Bank of Canada,Target for the overnight rate,2017-07-12,point,0.75,75,0.75,0.75,0.5,25,hike,ca-overnight-target,policy,official,ca-boc-v39079,https://www.bankofcanada.ca/valet/observations/V39079,,5c0b58687989dd75230cd64f7ab6d37381e4eddaece2a82bb73a8d3ba6c41cf5,"From 12 Jul 2017 the BoC target for the overnight rate was 0.75%, up 25 bps from 0.50%."
CA,Canada,Bank of Canada,Target for the overnight rate,2017-09-06,point,1.0,100,1.0,1.0,0.75,25,hike,ca-overnight-target,policy,official,ca-boc-v39079,https://www.bankofcanada.ca/valet/observations/V39079,,5c0b58687989dd75230cd64f7ab6d37381e4eddaece2a82bb73a8d3ba6c41cf5,"From 6 Sept 2017 the BoC target for the overnight rate was 1.00%, up 25 bps from 0.75%."
CA,Canada,Bank of Canada,Target for the overnight rate,2018-01-17,point,1.25,125,1.25,1.25,1.0,25,hike,ca-overnight-target,policy,official,ca-boc-v39079,https://www.bankofcanada.ca/valet/observations/V39079,,5c0b58687989dd75230cd64f7ab6d37381e4eddaece2a82bb73a8d3ba6c41cf5,"From 17 Jan 2018 the BoC target for the overnight rate was 1.25%, up 25 bps from 1.00%."
CA,Canada,Bank of Canada,Target for the overnight rate,2018-07-11,point,1.5,150,1.5,1.5,1.25,25,hike,ca-overnight-target,policy,official,ca-boc-v39079,https://www.bankofcanada.ca/valet/observations/V39079,,5c0b58687989dd75230cd64f7ab6d37381e4eddaece2a82bb73a8d3ba6c41cf5,"From 11 Jul 2018 the BoC target for the overnight rate was 1.50%, up 25 bps from 1.25%."
CA,Canada,Bank of Canada,Target for the overnight rate,2018-10-24,point,1.75,175,1.75,1.75,1.5,25,hike,ca-overnight-target,policy,official,ca-boc-v39079,https://www.bankofcanada.ca/valet/observations/V39079,,5c0b58687989dd75230cd64f7ab6d37381e4eddaece2a82bb73a8d3ba6c41cf5,"From 24 Oct 2018 the BoC target for the overnight rate was 1.75%, up 25 bps from 1.50%."
CA,Canada,Bank of Canada,Target for the overnight rate,2020-03-04,point,1.25,125,1.25,1.25,1.75,-50,cut,ca-overnight-target,policy,official,ca-boc-v39079,https://www.bankofcanada.ca/valet/observations/V39079,,5c0b58687989dd75230cd64f7ab6d37381e4eddaece2a82bb73a8d3ba6c41cf5,"From 4 Mar 2020 the BoC target for the overnight rate was 1.25%, down 50 bps from 1.75%."
CA,Canada,Bank of Canada,Target for the overnight rate,2020-03-16,point,0.75,75,0.75,0.75,1.25,-50,cut,ca-overnight-target,policy,official,ca-boc-v39079,https://www.bankofcanada.ca/valet/observations/V39079,,5c0b58687989dd75230cd64f7ab6d37381e4eddaece2a82bb73a8d3ba6c41cf5,"From 16 Mar 2020 the BoC target for the overnight rate was 0.75%, down 50 bps from 1.25%."
CA,Canada,Bank of Canada,Target for the overnight rate,2020-03-27,point,0.25,25,0.25,0.25,0.75,-50,cut,ca-overnight-target,policy,official,ca-boc-v39079,https://www.bankofcanada.ca/valet/observations/V39079,,5c0b58687989dd75230cd64f7ab6d37381e4eddaece2a82bb73a8d3ba6c41cf5,"From 27 Mar 2020 the BoC target for the overnight rate was 0.25%, down 50 bps from 0.75%."
CA,Canada,Bank of Canada,Target for the overnight rate,2022-03-03,point,0.5,50,0.5,0.5,0.25,25,hike,ca-overnight-target,policy,official,ca-boc-v39079,https://www.bankofcanada.ca/valet/observations/V39079,,5c0b58687989dd75230cd64f7ab6d37381e4eddaece2a82bb73a8d3ba6c41cf5,"From 3 Mar 2022 the BoC target for the overnight rate was 0.50%, up 25 bps from 0.25%."
CA,Canada,Bank of Canada,Target for the overnight rate,2022-04-14,point,1.0,100,1.0,1.0,0.5,50,hike,ca-overnight-target,policy,official,ca-boc-v39079,https://www.bankofcanada.ca/valet/observations/V39079,,5c0b58687989dd75230cd64f7ab6d37381e4eddaece2a82bb73a8d3ba6c41cf5,"From 14 Apr 2022 the BoC target for the overnight rate was 1.00%, up 50 bps from 0.50%."
CA,Canada,Bank of Canada,Target for the overnight rate,2022-06-02,point,1.5,150,1.5,1.5,1.0,50,hike,ca-overnight-target,policy,official,ca-boc-v39079,https://www.bankofcanada.ca/valet/observations/V39079,,5c0b58687989dd75230cd64f7ab6d37381e4eddaece2a82bb73a8d3ba6c41cf5,"From 2 Jun 2022 the BoC target for the overnight rate was 1.50%, up 50 bps from 1.00%."
CA,Canada,Bank of Canada,Target for the overnight rate,2022-07-14,point,2.5,250,2.5,2.5,1.5,100,hike,ca-overnight-target,policy,official,ca-boc-v39079,https://www.bankofcanada.ca/valet/observations/V39079,,5c0b58687989dd75230cd64f7ab6d37381e4eddaece2a82bb73a8d3ba6c41cf5,"From 14 Jul 2022 the BoC target for the overnight rate was 2.50%, up 100 bps from 1.50%."
CA,Canada,Bank of Canada,Target for the overnight rate,2022-09-08,point,3.25,325,3.25,3.25,2.5,75,hike,ca-overnight-target,policy,official,ca-boc-v39079,https://www.bankofcanada.ca/valet/observations/V39079,,5c0b58687989dd75230cd64f7ab6d37381e4eddaece2a82bb73a8d3ba6c41cf5,"From 8 Sept 2022 the BoC target for the overnight rate was 3.25%, up 75 bps from 2.50%."
CA,Canada,Bank of Canada,Target for the overnight rate,2022-10-27,point,3.75,375,3.75,3.75,3.25,50,hike,ca-overnight-target,policy,official,ca-boc-v39079,https://www.bankofcanada.ca/valet/observations/V39079,,5c0b58687989dd75230cd64f7ab6d37381e4eddaece2a82bb73a8d3ba6c41cf5,"From 27 Oct 2022 the BoC target for the overnight rate was 3.75%, up 50 bps from 3.25%."
CA,Canada,Bank of Canada,Target for the overnight rate,2022-12-08,point,4.25,425,4.25,4.25,3.75,50,hike,ca-overnight-target,policy,official,ca-boc-v39079,https://www.bankofcanada.ca/valet/observations/V39079,,5c0b58687989dd75230cd64f7ab6d37381e4eddaece2a82bb73a8d3ba6c41cf5,"From 8 Dec 2022 the BoC target for the overnight rate was 4.25%, up 50 bps from 3.75%."
CA,Canada,Bank of Canada,Target for the overnight rate,2023-01-26,point,4.5,450,4.5,4.5,4.25,25,hike,ca-overnight-target,policy,official,ca-boc-v39079,https://www.bankofcanada.ca/valet/observations/V39079,,5c0b58687989dd75230cd64f7ab6d37381e4eddaece2a82bb73a8d3ba6c41cf5,"From 26 Jan 2023 the BoC target for the overnight rate was 4.50%, up 25 bps from 4.25%."
CA,Canada,Bank of Canada,Target for the overnight rate,2023-06-08,point,4.75,475,4.75,4.75,4.5,25,hike,ca-overnight-target,policy,official,ca-boc-v39079,https://www.bankofcanada.ca/valet/observations/V39079,,5c0b58687989dd75230cd64f7ab6d37381e4eddaece2a82bb73a8d3ba6c41cf5,"From 8 Jun 2023 the BoC target for the overnight rate was 4.75%, up 25 bps from 4.50%."
CA,Canada,Bank of Canada,Target for the overnight rate,2023-07-13,point,5.0,500,5.0,5.0,4.75,25,hike,ca-overnight-target,policy,official,ca-boc-v39079,https://www.bankofcanada.ca/valet/observations/V39079,,5c0b58687989dd75230cd64f7ab6d37381e4eddaece2a82bb73a8d3ba6c41cf5,"From 13 Jul 2023 the BoC target for the overnight rate was 5.00%, up 25 bps from 4.75%."
CA,Canada,Bank of Canada,Target for the overnight rate,2024-06-06,point,4.75,475,4.75,4.75,5.0,-25,cut,ca-overnight-target,policy,official,ca-boc-v39079,https://www.bankofcanada.ca/valet/observations/V39079,,5c0b58687989dd75230cd64f7ab6d37381e4eddaece2a82bb73a8d3ba6c41cf5,"From 6 Jun 2024 the BoC target for the overnight rate was 4.75%, down 25 bps from 5.00%."
CA,Canada,Bank of Canada,Target for the overnight rate,2024-07-25,point,4.5,450,4.5,4.5,4.75,-25,cut,ca-overnight-target,policy,official,ca-boc-v39079,https://www.bankofcanada.ca/valet/observations/V39079,,5c0b58687989dd75230cd64f7ab6d37381e4eddaece2a82bb73a8d3ba6c41cf5,"From 25 Jul 2024 the BoC target for the overnight rate was 4.50%, down 25 bps from 4.75%."
CA,Canada,Bank of Canada,Target for the overnight rate,2024-09-05,point,4.25,425,4.25,4.25,4.5,-25,cut,ca-overnight-target,policy,official,ca-boc-v39079,https://www.bankofcanada.ca/valet/observations/V39079,,5c0b58687989dd75230cd64f7ab6d37381e4eddaece2a82bb73a8d3ba6c41cf5,"From 5 Sept 2024 the BoC target for the overnight rate was 4.25%, down 25 bps from 4.50%."
CA,Canada,Bank of Canada,Target for the overnight rate,2024-10-24,point,3.75,375,3.75,3.75,4.25,-50,cut,ca-overnight-target,policy,official,ca-boc-v39079,https://www.bankofcanada.ca/valet/observations/V39079,,5c0b58687989dd75230cd64f7ab6d37381e4eddaece2a82bb73a8d3ba6c41cf5,"From 24 Oct 2024 the BoC target for the overnight rate was 3.75%, down 50 bps from 4.25%."
CA,Canada,Bank of Canada,Target for the overnight rate,2024-12-12,point,3.25,325,3.25,3.25,3.75,-50,cut,ca-overnight-target,policy,official,ca-boc-v39079,https://www.bankofcanada.ca/valet/observations/V39079,,5c0b58687989dd75230cd64f7ab6d37381e4eddaece2a82bb73a8d3ba6c41cf5,"From 12 Dec 2024 the BoC target for the overnight rate was 3.25%, down 50 bps from 3.75%."
CA,Canada,Bank of Canada,Target for the overnight rate,2025-01-30,point,3.0,300,3.0,3.0,3.25,-25,cut,ca-overnight-target,policy,official,ca-boc-v39079,https://www.bankofcanada.ca/valet/observations/V39079,,5c0b58687989dd75230cd64f7ab6d37381e4eddaece2a82bb73a8d3ba6c41cf5,"From 30 Jan 2025 the BoC target for the overnight rate was 3.00%, down 25 bps from 3.25%."
CA,Canada,Bank of Canada,Target for the overnight rate,2025-03-13,point,2.75,275,2.75,2.75,3.0,-25,cut,ca-overnight-target,policy,official,ca-boc-v39079,https://www.bankofcanada.ca/valet/observations/V39079,,5c0b58687989dd75230cd64f7ab6d37381e4eddaece2a82bb73a8d3ba6c41cf5,"From 13 Mar 2025 the BoC target for the overnight rate was 2.75%, down 25 bps from 3.00%."
CA,Canada,Bank of Canada,Target for the overnight rate,2025-09-18,point,2.5,250,2.5,2.5,2.75,-25,cut,ca-overnight-target,policy,official,ca-boc-v39079,https://www.bankofcanada.ca/valet/observations/V39079,,5c0b58687989dd75230cd64f7ab6d37381e4eddaece2a82bb73a8d3ba6c41cf5,"From 18 Sept 2025 the BoC target for the overnight rate was 2.50%, down 25 bps from 2.75%."
CA,Canada,Bank of Canada,Target for the overnight rate,2025-10-30,point,2.25,225,2.25,2.25,2.5,-25,cut,ca-overnight-target,policy,official,ca-boc-v39079,https://www.bankofcanada.ca/valet/observations/V39079,,5c0b58687989dd75230cd64f7ab6d37381e4eddaece2a82bb73a8d3ba6c41cf5,"From 30 Oct 2025 the BoC target for the overnight rate was 2.25%, down 25 bps from 2.50%."
AU,Australia,Reserve Bank of Australia,Cash rate target,2011-01-04,point,4.75,475,4.75,4.75,,,initial,au-cash-rate,policy,official,au-rba-f1,https://www.rba.gov.au/statistics/tables/csv/f1-data.csv,,fd81f8557e007c68c78b0ef835dd5464cb7313612afd0e3bdd3f7f3ce319324a,"The RBA cash rate target was 4.75% on 4 Jan 2011, the first point in this series."
AU,Australia,Reserve Bank of Australia,Cash rate target,2011-11-02,point,4.5,450,4.5,4.5,4.75,-25,cut,au-cash-rate,policy,official,au-rba-f1,https://www.rba.gov.au/statistics/tables/csv/f1-data.csv,,fd81f8557e007c68c78b0ef835dd5464cb7313612afd0e3bdd3f7f3ce319324a,"From 2 Nov 2011 the RBA cash rate target was 4.50%, down 25 bps from 4.75%."
AU,Australia,Reserve Bank of Australia,Cash rate target,2011-12-07,point,4.25,425,4.25,4.25,4.5,-25,cut,au-cash-rate,policy,official,au-rba-f1,https://www.rba.gov.au/statistics/tables/csv/f1-data.csv,,fd81f8557e007c68c78b0ef835dd5464cb7313612afd0e3bdd3f7f3ce319324a,"From 7 Dec 2011 the RBA cash rate target was 4.25%, down 25 bps from 4.50%."
AU,Australia,Reserve Bank of Australia,Cash rate target,2012-05-02,point,3.75,375,3.75,3.75,4.25,-50,cut,au-cash-rate,policy,official,au-rba-f1,https://www.rba.gov.au/statistics/tables/csv/f1-data.csv,,fd81f8557e007c68c78b0ef835dd5464cb7313612afd0e3bdd3f7f3ce319324a,"From 2 May 2012 the RBA cash rate target was 3.75%, down 50 bps from 4.25%."
AU,Australia,Reserve Bank of Australia,Cash rate target,2012-06-06,point,3.5,350,3.5,3.5,3.75,-25,cut,au-cash-rate,policy,official,au-rba-f1,https://www.rba.gov.au/statistics/tables/csv/f1-data.csv,,fd81f8557e007c68c78b0ef835dd5464cb7313612afd0e3bdd3f7f3ce319324a,"From 6 Jun 2012 the RBA cash rate target was 3.50%, down 25 bps from 3.75%."
AU,Australia,Reserve Bank of Australia,Cash rate target,2012-10-03,point,3.25,325,3.25,3.25,3.5,-25,cut,au-cash-rate,policy,official,au-rba-f1,https://www.rba.gov.au/statistics/tables/csv/f1-data.csv,,fd81f8557e007c68c78b0ef835dd5464cb7313612afd0e3bdd3f7f3ce319324a,"From 3 Oct 2012 the RBA cash rate target was 3.25%, down 25 bps from 3.50%."
AU,Australia,Reserve Bank of Australia,Cash rate target,2012-12-05,point,3.0,300,3.0,3.0,3.25,-25,cut,au-cash-rate,policy,official,au-rba-f1,https://www.rba.gov.au/statistics/tables/csv/f1-data.csv,,fd81f8557e007c68c78b0ef835dd5464cb7313612afd0e3bdd3f7f3ce319324a,"From 5 Dec 2012 the RBA cash rate target was 3.00%, down 25 bps from 3.25%."
AU,Australia,Reserve Bank of Australia,Cash rate target,2013-05-08,point,2.75,275,2.75,2.75,3.0,-25,cut,au-cash-rate,policy,official,au-rba-f1,https://www.rba.gov.au/statistics/tables/csv/f1-data.csv,,fd81f8557e007c68c78b0ef835dd5464cb7313612afd0e3bdd3f7f3ce319324a,"From 8 May 2013 the RBA cash rate target was 2.75%, down 25 bps from 3.00%."
AU,Australia,Reserve Bank of Australia,Cash rate target,2013-08-07,point,2.5,250,2.5,2.5,2.75,-25,cut,au-cash-rate,policy,official,au-rba-f1,https://www.rba.gov.au/statistics/tables/csv/f1-data.csv,,fd81f8557e007c68c78b0ef835dd5464cb7313612afd0e3bdd3f7f3ce319324a,"From 7 Aug 2013 the RBA cash rate target was 2.50%, down 25 bps from 2.75%."
AU,Australia,Reserve Bank of Australia,Cash rate target,2015-02-04,point,2.25,225,2.25,2.25,2.5,-25,cut,au-cash-rate,policy,official,au-rba-f1,https://www.rba.gov.au/statistics/tables/csv/f1-data.csv,,fd81f8557e007c68c78b0ef835dd5464cb7313612afd0e3bdd3f7f3ce319324a,"From 4 Feb 2015 the RBA cash rate target was 2.25%, down 25 bps from 2.50%."
AU,Australia,Reserve Bank of Australia,Cash rate target,2015-05-06,point,2.0,200,2.0,2.0,2.25,-25,cut,au-cash-rate,policy,official,au-rba-f1,https://www.rba.gov.au/statistics/tables/csv/f1-data.csv,,fd81f8557e007c68c78b0ef835dd5464cb7313612afd0e3bdd3f7f3ce319324a,"From 6 May 2015 the RBA cash rate target was 2.00%, down 25 bps from 2.25%."
AU,Australia,Reserve Bank of Australia,Cash rate target,2016-05-04,point,1.75,175,1.75,1.75,2.0,-25,cut,au-cash-rate,policy,official,au-rba-f1,https://www.rba.gov.au/statistics/tables/csv/f1-data.csv,,fd81f8557e007c68c78b0ef835dd5464cb7313612afd0e3bdd3f7f3ce319324a,"From 4 May 2016 the RBA cash rate target was 1.75%, down 25 bps from 2.00%."
AU,Australia,Reserve Bank of Australia,Cash rate target,2016-08-03,point,1.5,150,1.5,1.5,1.75,-25,cut,au-cash-rate,policy,official,au-rba-f1,https://www.rba.gov.au/statistics/tables/csv/f1-data.csv,,fd81f8557e007c68c78b0ef835dd5464cb7313612afd0e3bdd3f7f3ce319324a,"From 3 Aug 2016 the RBA cash rate target was 1.50%, down 25 bps from 1.75%."
AU,Australia,Reserve Bank of Australia,Cash rate target,2019-06-05,point,1.25,125,1.25,1.25,1.5,-25,cut,au-cash-rate,policy,official,au-rba-f1,https://www.rba.gov.au/statistics/tables/csv/f1-data.csv,,fd81f8557e007c68c78b0ef835dd5464cb7313612afd0e3bdd3f7f3ce319324a,"From 5 Jun 2019 the RBA cash rate target was 1.25%, down 25 bps from 1.50%."
AU,Australia,Reserve Bank of Australia,Cash rate target,2019-07-03,point,1.0,100,1.0,1.0,1.25,-25,cut,au-cash-rate,policy,official,au-rba-f1,https://www.rba.gov.au/statistics/tables/csv/f1-data.csv,,fd81f8557e007c68c78b0ef835dd5464cb7313612afd0e3bdd3f7f3ce319324a,"From 3 Jul 2019 the RBA cash rate target was 1.00%, down 25 bps from 1.25%."
AU,Australia,Reserve Bank of Australia,Cash rate target,2019-10-02,point,0.75,75,0.75,0.75,1.0,-25,cut,au-cash-rate,policy,official,au-rba-f1,https://www.rba.gov.au/statistics/tables/csv/f1-data.csv,,fd81f8557e007c68c78b0ef835dd5464cb7313612afd0e3bdd3f7f3ce319324a,"From 2 Oct 2019 the RBA cash rate target was 0.75%, down 25 bps from 1.00%."
AU,Australia,Reserve Bank of Australia,Cash rate target,2020-03-04,point,0.5,50,0.5,0.5,0.75,-25,cut,au-cash-rate,policy,official,au-rba-f1,https://www.rba.gov.au/statistics/tables/csv/f1-data.csv,,fd81f8557e007c68c78b0ef835dd5464cb7313612afd0e3bdd3f7f3ce319324a,"From 4 Mar 2020 the RBA cash rate target was 0.50%, down 25 bps from 0.75%."
AU,Australia,Reserve Bank of Australia,Cash rate target,2020-03-20,point,0.25,25,0.25,0.25,0.5,-25,cut,au-cash-rate,policy,official,au-rba-f1,https://www.rba.gov.au/statistics/tables/csv/f1-data.csv,,fd81f8557e007c68c78b0ef835dd5464cb7313612afd0e3bdd3f7f3ce319324a,"From 20 Mar 2020 the RBA cash rate target was 0.25%, down 25 bps from 0.50%."
AU,Australia,Reserve Bank of Australia,Cash rate target,2020-11-04,point,0.1,10,0.1,0.1,0.25,-15,cut,au-cash-rate,policy,official,au-rba-f1,https://www.rba.gov.au/statistics/tables/csv/f1-data.csv,,fd81f8557e007c68c78b0ef835dd5464cb7313612afd0e3bdd3f7f3ce319324a,"From 4 Nov 2020 the RBA cash rate target was 0.10%, down 15 bps from 0.25%."
AU,Australia,Reserve Bank of Australia,Cash rate target,2022-05-04,point,0.35,35,0.35,0.35,0.1,25,hike,au-cash-rate,policy,official,au-rba-f1,https://www.rba.gov.au/statistics/tables/csv/f1-data.csv,,fd81f8557e007c68c78b0ef835dd5464cb7313612afd0e3bdd3f7f3ce319324a,"From 4 May 2022 the RBA cash rate target was 0.35%, up 25 bps from 0.10%."
AU,Australia,Reserve Bank of Australia,Cash rate target,2022-06-08,point,0.85,85,0.85,0.85,0.35,50,hike,au-cash-rate,policy,official,au-rba-f1,https://www.rba.gov.au/statistics/tables/csv/f1-data.csv,,fd81f8557e007c68c78b0ef835dd5464cb7313612afd0e3bdd3f7f3ce319324a,"From 8 Jun 2022 the RBA cash rate target was 0.85%, up 50 bps from 0.35%."
AU,Australia,Reserve Bank of Australia,Cash rate target,2022-07-06,point,1.35,135,1.35,1.35,0.85,50,hike,au-cash-rate,policy,official,au-rba-f1,https://www.rba.gov.au/statistics/tables/csv/f1-data.csv,,fd81f8557e007c68c78b0ef835dd5464cb7313612afd0e3bdd3f7f3ce319324a,"From 6 Jul 2022 the RBA cash rate target was 1.35%, up 50 bps from 0.85%."
AU,Australia,Reserve Bank of Australia,Cash rate target,2022-08-03,point,1.85,185,1.85,1.85,1.35,50,hike,au-cash-rate,policy,official,au-rba-f1,https://www.rba.gov.au/statistics/tables/csv/f1-data.csv,,fd81f8557e007c68c78b0ef835dd5464cb7313612afd0e3bdd3f7f3ce319324a,"From 3 Aug 2022 the RBA cash rate target was 1.85%, up 50 bps from 1.35%."
AU,Australia,Reserve Bank of Australia,Cash rate target,2022-09-07,point,2.35,235,2.35,2.35,1.85,50,hike,au-cash-rate,policy,official,au-rba-f1,https://www.rba.gov.au/statistics/tables/csv/f1-data.csv,,fd81f8557e007c68c78b0ef835dd5464cb7313612afd0e3bdd3f7f3ce319324a,"From 7 Sept 2022 the RBA cash rate target was 2.35%, up 50 bps from 1.85%."
AU,Australia,Reserve Bank of Australia,Cash rate target,2022-10-05,point,2.6,260,2.6,2.6,2.35,25,hike,au-cash-rate,policy,official,au-rba-f1,https://www.rba.gov.au/statistics/tables/csv/f1-data.csv,,fd81f8557e007c68c78b0ef835dd5464cb7313612afd0e3bdd3f7f3ce319324a,"From 5 Oct 2022 the RBA cash rate target was 2.60%, up 25 bps from 2.35%."
AU,Australia,Reserve Bank of Australia,Cash rate target,2022-11-02,point,2.85,285,2.85,2.85,2.6,25,hike,au-cash-rate,policy,official,au-rba-f1,https://www.rba.gov.au/statistics/tables/csv/f1-data.csv,,fd81f8557e007c68c78b0ef835dd5464cb7313612afd0e3bdd3f7f3ce319324a,"From 2 Nov 2022 the RBA cash rate target was 2.85%, up 25 bps from 2.60%."
AU,Australia,Reserve Bank of Australia,Cash rate target,2022-12-07,point,3.1,310,3.1,3.1,2.85,25,hike,au-cash-rate,policy,official,au-rba-f1,https://www.rba.gov.au/statistics/tables/csv/f1-data.csv,,fd81f8557e007c68c78b0ef835dd5464cb7313612afd0e3bdd3f7f3ce319324a,"From 7 Dec 2022 the RBA cash rate target was 3.10%, up 25 bps from 2.85%."
AU,Australia,Reserve Bank of Australia,Cash rate target,2023-02-08,point,3.35,335,3.35,3.35,3.1,25,hike,au-cash-rate,policy,official,au-rba-f1,https://www.rba.gov.au/statistics/tables/csv/f1-data.csv,,fd81f8557e007c68c78b0ef835dd5464cb7313612afd0e3bdd3f7f3ce319324a,"From 8 Feb 2023 the RBA cash rate target was 3.35%, up 25 bps from 3.10%."
AU,Australia,Reserve Bank of Australia,Cash rate target,2023-03-08,point,3.6,360,3.6,3.6,3.35,25,hike,au-cash-rate,policy,official,au-rba-f1,https://www.rba.gov.au/statistics/tables/csv/f1-data.csv,,fd81f8557e007c68c78b0ef835dd5464cb7313612afd0e3bdd3f7f3ce319324a,"From 8 Mar 2023 the RBA cash rate target was 3.60%, up 25 bps from 3.35%."
AU,Australia,Reserve Bank of Australia,Cash rate target,2023-05-03,point,3.85,385,3.85,3.85,3.6,25,hike,au-cash-rate,policy,official,au-rba-f1,https://www.rba.gov.au/statistics/tables/csv/f1-data.csv,,fd81f8557e007c68c78b0ef835dd5464cb7313612afd0e3bdd3f7f3ce319324a,"From 3 May 2023 the RBA cash rate target was 3.85%, up 25 bps from 3.60%."
AU,Australia,Reserve Bank of Australia,Cash rate target,2023-06-07,point,4.1,410,4.1,4.1,3.85,25,hike,au-cash-rate,policy,official,au-rba-f1,https://www.rba.gov.au/statistics/tables/csv/f1-data.csv,,fd81f8557e007c68c78b0ef835dd5464cb7313612afd0e3bdd3f7f3ce319324a,"From 7 Jun 2023 the RBA cash rate target was 4.10%, up 25 bps from 3.85%."
AU,Australia,Reserve Bank of Australia,Cash rate target,2023-11-08,point,4.35,435,4.35,4.35,4.1,25,hike,au-cash-rate,policy,official,au-rba-f1,https://www.rba.gov.au/statistics/tables/csv/f1-data.csv,,fd81f8557e007c68c78b0ef835dd5464cb7313612afd0e3bdd3f7f3ce319324a,"From 8 Nov 2023 the RBA cash rate target was 4.35%, up 25 bps from 4.10%."
AU,Australia,Reserve Bank of Australia,Cash rate target,2025-02-19,point,4.1,410,4.1,4.1,4.35,-25,cut,au-cash-rate,policy,official,au-rba-f1,https://www.rba.gov.au/statistics/tables/csv/f1-data.csv,,fd81f8557e007c68c78b0ef835dd5464cb7313612afd0e3bdd3f7f3ce319324a,"From 19 Feb 2025 the RBA cash rate target was 4.10%, down 25 bps from 4.35%."
AU,Australia,Reserve Bank of Australia,Cash rate target,2025-05-21,point,3.85,385,3.85,3.85,4.1,-25,cut,au-cash-rate,policy,official,au-rba-f1,https://www.rba.gov.au/statistics/tables/csv/f1-data.csv,,fd81f8557e007c68c78b0ef835dd5464cb7313612afd0e3bdd3f7f3ce319324a,"From 21 May 2025 the RBA cash rate target was 3.85%, down 25 bps from 4.10%."
AU,Australia,Reserve Bank of Australia,Cash rate target,2025-08-13,point,3.6,360,3.6,3.6,3.85,-25,cut,au-cash-rate,policy,official,au-rba-f1,https://www.rba.gov.au/statistics/tables/csv/f1-data.csv,,fd81f8557e007c68c78b0ef835dd5464cb7313612afd0e3bdd3f7f3ce319324a,"From 13 Aug 2025 the RBA cash rate target was 3.60%, down 25 bps from 3.85%."
AU,Australia,Reserve Bank of Australia,Cash rate target,2026-02-04,point,3.85,385,3.85,3.85,3.6,25,hike,au-cash-rate,policy,official,au-rba-f1,https://www.rba.gov.au/statistics/tables/csv/f1-data.csv,,fd81f8557e007c68c78b0ef835dd5464cb7313612afd0e3bdd3f7f3ce319324a,"From 4 Feb 2026 the RBA cash rate target was 3.85%, up 25 bps from 3.60%."
AU,Australia,Reserve Bank of Australia,Cash rate target,2026-03-18,point,4.1,410,4.1,4.1,3.85,25,hike,au-cash-rate,policy,official,au-rba-f1,https://www.rba.gov.au/statistics/tables/csv/f1-data.csv,,fd81f8557e007c68c78b0ef835dd5464cb7313612afd0e3bdd3f7f3ce319324a,"From 18 Mar 2026 the RBA cash rate target was 4.10%, up 25 bps from 3.85%."
AU,Australia,Reserve Bank of Australia,Cash rate target,2026-05-06,point,4.35,435,4.35,4.35,4.1,25,hike,au-cash-rate,policy,official,au-rba-f1,https://www.rba.gov.au/statistics/tables/csv/f1-data.csv,,fd81f8557e007c68c78b0ef835dd5464cb7313612afd0e3bdd3f7f3ce319324a,"From 6 May 2026 the RBA cash rate target was 4.35%, up 25 bps from 4.10%."
AU,Australia,Reserve Bank of Australia,Cash rate target,2026-09-30,point,4.6,460,4.6,4.6,4.35,25,hike,au-cash-rate,policy,official,au-rba-f1,https://www.rba.gov.au/statistics/tables/csv/f1-data.csv,,fd81f8557e007c68c78b0ef835dd5464cb7313612afd0e3bdd3f7f3ce319324a,"From 30 Sept 2026 the RBA cash rate target was 4.60%, up 25 bps from 4.35%."
BR,Brazil,Banco Central do Brasil,Selic target,2000-01-01,point,19.0,1900,19.0,19.0,,,initial,br-selic-target,policy,official,br-bcb-sgs432,https://api.bcb.gov.br/dados/serie/bcdata.sgs.432/dados?formato=json,,59c6949350fb38008d952ac1510c310429ae0f266d9f4524660a0ba9ff53155a,"The BCB selic target was 19.00% on 1 Jan 2000, the first point in this series."
BR,Brazil,Banco Central do Brasil,Selic target,2000-03-29,point,18.5,1850,18.5,18.5,19.0,-50,cut,br-selic-target,policy,official,br-bcb-sgs432,https://api.bcb.gov.br/dados/serie/bcdata.sgs.432/dados?formato=json,,59c6949350fb38008d952ac1510c310429ae0f266d9f4524660a0ba9ff53155a,"From 29 Mar 2000 the BCB selic target was 18.50%, down 50 bps from 19.00%."
BR,Brazil,Banco Central do Brasil,Selic target,2000-06-21,point,17.5,1750,17.5,17.5,18.5,-100,cut,br-selic-target,policy,official,br-bcb-sgs432,https://api.bcb.gov.br/dados/serie/bcdata.sgs.432/dados?formato=json,,59c6949350fb38008d952ac1510c310429ae0f266d9f4524660a0ba9ff53155a,"From 21 Jun 2000 the BCB selic target was 17.50%, down 100 bps from 18.50%."
BR,Brazil,Banco Central do Brasil,Selic target,2000-07-10,point,17.0,1700,17.0,17.0,17.5,-50,cut,br-selic-target,policy,official,br-bcb-sgs432,https://api.bcb.gov.br/dados/serie/bcdata.sgs.432/dados?formato=json,,59c6949350fb38008d952ac1510c310429ae0f266d9f4524660a0ba9ff53155a,"From 10 Jul 2000 the BCB selic target was 17.00%, down 50 bps from 17.50%."
BR,Brazil,Banco Central do Brasil,Selic target,2000-07-20,point,16.5,1650,16.5,16.5,17.0,-50,cut,br-selic-target,policy,official,br-bcb-sgs432,https://api.bcb.gov.br/dados/serie/bcdata.sgs.432/dados?formato=json,,59c6949350fb38008d952ac1510c310429ae0f266d9f4524660a0ba9ff53155a,"From 20 Jul 2000 the BCB selic target was 16.50%, down 50 bps from 17.00%."
BR,Brazil,Banco Central do Brasil,Selic target,2000-12-21,point,15.75,1575,15.75,15.75,16.5,-75,cut,br-selic-target,policy,official,br-bcb-sgs432,https://api.bcb.gov.br/dados/serie/bcdata.sgs.432/dados?formato=json,,59c6949350fb38008d952ac1510c310429ae0f266d9f4524660a0ba9ff53155a,"From 21 Dec 2000 the BCB selic target was 15.75%, down 75 bps from 16.50%."
BR,Brazil,Banco Central do Brasil,Selic target,2001-01-18,point,15.25,1525,15.25,15.25,15.75,-50,cut,br-selic-target,policy,official,br-bcb-sgs432,https://api.bcb.gov.br/dados/serie/bcdata.sgs.432/dados?formato=json,,59c6949350fb38008d952ac1510c310429ae0f266d9f4524660a0ba9ff53155a,"From 18 Jan 2001 the BCB selic target was 15.25%, down 50 bps from 15.75%."
BR,Brazil,Banco Central do Brasil,Selic target,2001-03-22,point,15.75,1575,15.75,15.75,15.25,50,hike,br-selic-target,policy,official,br-bcb-sgs432,https://api.bcb.gov.br/dados/serie/bcdata.sgs.432/dados?formato=json,,59c6949350fb38008d952ac1510c310429ae0f266d9f4524660a0ba9ff53155a,"From 22 Mar 2001 the BCB selic target was 15.75%, up 50 bps from 15.25%."
BR,Brazil,Banco Central do Brasil,Selic target,2001-04-19,point,16.25,1625,16.25,16.25,15.75,50,hike,br-selic-target,policy,official,br-bcb-sgs432,https://api.bcb.gov.br/dados/serie/bcdata.sgs.432/dados?formato=json,,59c6949350fb38008d952ac1510c310429ae0f266d9f4524660a0ba9ff53155a,"From 19 Apr 2001 the BCB selic target was 16.25%, up 50 bps from 15.75%."
BR,Brazil,Banco Central do Brasil,Selic target,2001-05-24,point,16.75,1675,16.75,16.75,16.25,50,hike,br-selic-target,policy,official,br-bcb-sgs432,https://api.bcb.gov.br/dados/serie/bcdata.sgs.432/dados?formato=json,,59c6949350fb38008d952ac1510c310429ae0f266d9f4524660a0ba9ff53155a,"From 24 May 2001 the BCB selic target was 16.75%, up 50 bps from 16.25%."
BR,Brazil,Banco Central do Brasil,Selic target,2001-06-21,point,18.25,1825,18.25,18.25,16.75,150,hike,br-selic-target,policy,official,br-bcb-sgs432,https://api.bcb.gov.br/dados/serie/bcdata.sgs.432/dados?formato=json,,59c6949350fb38008d952ac1510c310429ae0f266d9f4524660a0ba9ff53155a,"From 21 Jun 2001 the BCB selic target was 18.25%, up 150 bps from 16.75%."
BR,Brazil,Banco Central do Brasil,Selic target,2001-07-19,point,19.0,1900,19.0,19.0,18.25,75,hike,br-selic-target,policy,official,br-bcb-sgs432,https://api.bcb.gov.br/dados/serie/bcdata.sgs.432/dados?formato=json,,59c6949350fb38008d952ac1510c310429ae0f266d9f4524660a0ba9ff53155a,"From 19 Jul 2001 the BCB selic target was 19.00%, up 75 bps from 18.25%."
BR,Brazil,Banco Central do Brasil,Selic target,2002-02-21,point,18.75,1875,18.75,18.75,19.0,-25,cut,br-selic-target,policy,official,br-bcb-sgs432,https://api.bcb.gov.br/dados/serie/bcdata.sgs.432/dados?formato=json,,59c6949350fb38008d952ac1510c310429ae0f266d9f4524660a0ba9ff53155a,"From 21 Feb 2002 the BCB selic target was 18.75%, down 25 bps from 19.00%."
BR,Brazil,Banco Central do Brasil,Selic target,2002-03-21,point,18.5,1850,18.5,18.5,18.75,-25,cut,br-selic-target,policy,official,br-bcb-sgs432,https://api.bcb.gov.br/dados/serie/bcdata.sgs.432/dados?formato=json,,59c6949350fb38008d952ac1510c310429ae0f266d9f4524660a0ba9ff53155a,"From 21 Mar 2002 the BCB selic target was 18.50%, down 25 bps from 18.75%."
BR,Brazil,Banco Central do Brasil,Selic target,2002-07-18,point,18.0,1800,18.0,18.0,18.5,-50,cut,br-selic-target,policy,official,br-bcb-sgs432,https://api.bcb.gov.br/dados/serie/bcdata.sgs.432/dados?formato=json,,59c6949350fb38008d952ac1510c310429ae0f266d9f4524660a0ba9ff53155a,"From 18 Jul 2002 the BCB selic target was 18.00%, down 50 bps from 18.50%."
BR,Brazil,Banco Central do Brasil,Selic target,2002-10-15,point,21.0,2100,21.0,21.0,18.0,300,hike,br-selic-target,policy,official,br-bcb-sgs432,https://api.bcb.gov.br/dados/serie/bcdata.sgs.432/dados?formato=json,,59c6949350fb38008d952ac1510c310429ae0f266d9f4524660a0ba9ff53155a,"From 15 Oct 2002 the BCB selic target was 21.00%, up 300 bps from 18.00%."
BR,Brazil,Banco Central do Brasil,Selic target,2002-11-21,point,22.0,2200,22.0,22.0,21.0,100,hike,br-selic-target,policy,official,br-bcb-sgs432,https://api.bcb.gov.br/dados/serie/bcdata.sgs.432/dados?formato=json,,59c6949350fb38008d952ac1510c310429ae0f266d9f4524660a0ba9ff53155a,"From 21 Nov 2002 the BCB selic target was 22.00%, up 100 bps from 21.00%."
BR,Brazil,Banco Central do Brasil,Selic target,2002-12-19,point,25.0,2500,25.0,25.0,22.0,300,hike,br-selic-target,policy,official,br-bcb-sgs432,https://api.bcb.gov.br/dados/serie/bcdata.sgs.432/dados?formato=json,,59c6949350fb38008d952ac1510c310429ae0f266d9f4524660a0ba9ff53155a,"From 19 Dec 2002 the BCB selic target was 25.00%, up 300 bps from 22.00%."
BR,Brazil,Banco Central do Brasil,Selic target,2003-01-23,point,25.5,2550,25.5,25.5,25.0,50,hike,br-selic-target,policy,official,br-bcb-sgs432,https://api.bcb.gov.br/dados/serie/bcdata.sgs.432/dados?formato=json,,59c6949350fb38008d952ac1510c310429ae0f266d9f4524660a0ba9ff53155a,"From 23 Jan 2003 the BCB selic target was 25.50%, up 50 bps from 25.00%."
BR,Brazil,Banco Central do Brasil,Selic target,2003-02-20,point,26.5,2650,26.5,26.5,25.5,100,hike,br-selic-target,policy,official,br-bcb-sgs432,https://api.bcb.gov.br/dados/serie/bcdata.sgs.432/dados?formato=json,,59c6949350fb38008d952ac1510c310429ae0f266d9f4524660a0ba9ff53155a,"From 20 Feb 2003 the BCB selic target was 26.50%, up 100 bps from 25.50%."
BR,Brazil,Banco Central do Brasil,Selic target,2003-06-20,point,26.0,2600,26.0,26.0,26.5,-50,cut,br-selic-target,policy,official,br-bcb-sgs432,https://api.bcb.gov.br/dados/serie/bcdata.sgs.432/dados?formato=json,,59c6949350fb38008d952ac1510c310429ae0f266d9f4524660a0ba9ff53155a,"From 20 Jun 2003 the BCB selic target was 26.00%, down 50 bps from 26.50%."
BR,Brazil,Banco Central do Brasil,Selic target,2003-07-24,point,24.5,2450,24.5,24.5,26.0,-150,cut,br-selic-target,policy,official,br-bcb-sgs432,https://api.bcb.gov.br/dados/serie/bcdata.sgs.432/dados?formato=json,,59c6949350fb38008d952ac1510c310429ae0f266d9f4524660a0ba9ff53155a,"From 24 Jul 2003 the BCB selic target was 24.50%, down 150 bps from 26.00%."
BR,Brazil,Banco Central do Brasil,Selic target,2003-08-21,point,22.0,2200,22.0,22.0,24.5,-250,cut,br-selic-target,policy,official,br-bcb-sgs432,https://api.bcb.gov.br/dados/serie/bcdata.sgs.432/dados?formato=json,,59c6949350fb38008d952ac1510c310429ae0f266d9f4524660a0ba9ff53155a,"From 21 Aug 2003 the BCB selic target was 22.00%, down 250 bps from 24.50%."
BR,Brazil,Banco Central do Brasil,Selic target,2003-09-18,point,20.0,2000,20.0,20.0,22.0,-200,cut,br-selic-target,policy,official,br-bcb-sgs432,https://api.bcb.gov.br/dados/serie/bcdata.sgs.432/dados?formato=json,,59c6949350fb38008d952ac1510c310429ae0f266d9f4524660a0ba9ff53155a,"From 18 Sept 2003 the BCB selic target was 20.00%, down 200 bps from 22.00%."
BR,Brazil,Banco Central do Brasil,Selic target,2003-10-23,point,19.0,1900,19.0,19.0,20.0,-100,cut,br-selic-target,policy,official,br-bcb-sgs432,https://api.bcb.gov.br/dados/serie/bcdata.sgs.432/dados?formato=json,,59c6949350fb38008d952ac1510c310429ae0f266d9f4524660a0ba9ff53155a,"From 23 Oct 2003 the BCB selic target was 19.00%, down 100 bps from 20.00%."
BR,Brazil,Banco Central do Brasil,Selic target,2003-11-20,point,17.5,1750,17.5,17.5,19.0,-150,cut,br-selic-target,policy,official,br-bcb-sgs432,https://api.bcb.gov.br/dados/serie/bcdata.sgs.432/dados?formato=json,,59c6949350fb38008d952ac1510c310429ae0f266d9f4524660a0ba9ff53155a,"From 20 Nov 2003 the BCB selic target was 17.50%, down 150 bps from 19.00%."
BR,Brazil,Banco Central do Brasil,Selic target,2003-12-18,point,16.5,1650,16.5,16.5,17.5,-100,cut,br-selic-target,policy,official,br-bcb-sgs432,https://api.bcb.gov.br/dados/serie/bcdata.sgs.432/dados?formato=json,,59c6949350fb38008d952ac1510c310429ae0f266d9f4524660a0ba9ff53155a,"From 18 Dec 2003 the BCB selic target was 16.50%, down 100 bps from 17.50%."
BR,Brazil,Banco Central do Brasil,Selic target,2004-03-18,point,16.25,1625,16.25,16.25,16.5,-25,cut,br-selic-target,policy,official,br-bcb-sgs432,https://api.bcb.gov.br/dados/serie/bcdata.sgs.432/dados?formato=json,,59c6949350fb38008d952ac1510c310429ae0f266d9f4524660a0ba9ff53155a,"From 18 Mar 2004 the BCB selic target was 16.25%, down 25 bps from 16.50%."
BR,Brazil,Banco Central do Brasil,Selic target,2004-04-15,point,16.0,1600,16.0,16.0,16.25,-25,cut,br-selic-target,policy,official,br-bcb-sgs432,https://api.bcb.gov.br/dados/serie/bcdata.sgs.432/dados?formato=json,,59c6949350fb38008d952ac1510c310429ae0f266d9f4524660a0ba9ff53155a,"From 15 Apr 2004 the BCB selic target was 16.00%, down 25 bps from 16.25%."
BR,Brazil,Banco Central do Brasil,Selic target,2004-09-16,point,16.25,1625,16.25,16.25,16.0,25,hike,br-selic-target,policy,official,br-bcb-sgs432,https://api.bcb.gov.br/dados/serie/bcdata.sgs.432/dados?formato=json,,59c6949350fb38008d952ac1510c310429ae0f266d9f4524660a0ba9ff53155a,"From 16 Sept 2004 the BCB selic target was 16.25%, up 25 bps from 16.00%."
BR,Brazil,Banco Central do Brasil,Selic target,2004-10-21,point,16.75,1675,16.75,16.75,16.25,50,hike,br-selic-target,policy,official,br-bcb-sgs432,https://api.bcb.gov.br/dados/serie/bcdata.sgs.432/dados?formato=json,,59c6949350fb38008d952ac1510c310429ae0f266d9f4524660a0ba9ff53155a,"From 21 Oct 2004 the BCB selic target was 16.75%, up 50 bps from 16.25%."
BR,Brazil,Banco Central do Brasil,Selic target,2004-11-18,point,17.25,1725,17.25,17.25,16.75,50,hike,br-selic-target,policy,official,br-bcb-sgs432,https://api.bcb.gov.br/dados/serie/bcdata.sgs.432/dados?formato=json,,59c6949350fb38008d952ac1510c310429ae0f266d9f4524660a0ba9ff53155a,"From 18 Nov 2004 the BCB selic target was 17.25%, up 50 bps from 16.75%."
BR,Brazil,Banco Central do Brasil,Selic target,2004-12-16,point,17.75,1775,17.75,17.75,17.25,50,hike,br-selic-target,policy,official,br-bcb-sgs432,https://api.bcb.gov.br/dados/serie/bcdata.sgs.432/dados?formato=json,,59c6949350fb38008d952ac1510c310429ae0f266d9f4524660a0ba9ff53155a,"From 16 Dec 2004 the BCB selic target was 17.75%, up 50 bps from 17.25%."
BR,Brazil,Banco Central do Brasil,Selic target,2005-01-20,point,18.25,1825,18.25,18.25,17.75,50,hike,br-selic-target,policy,official,br-bcb-sgs432,https://api.bcb.gov.br/dados/serie/bcdata.sgs.432/dados?formato=json,,59c6949350fb38008d952ac1510c310429ae0f266d9f4524660a0ba9ff53155a,"From 20 Jan 2005 the BCB selic target was 18.25%, up 50 bps from 17.75%."
BR,Brazil,Banco Central do Brasil,Selic target,2005-02-17,point,18.75,1875,18.75,18.75,18.25,50,hike,br-selic-target,policy,official,br-bcb-sgs432,https://api.bcb.gov.br/dados/serie/bcdata.sgs.432/dados?formato=json,,59c6949350fb38008d952ac1510c310429ae0f266d9f4524660a0ba9ff53155a,"From 17 Feb 2005 the BCB selic target was 18.75%, up 50 bps from 18.25%."
BR,Brazil,Banco Central do Brasil,Selic target,2005-03-17,point,19.25,1925,19.25,19.25,18.75,50,hike,br-selic-target,policy,official,br-bcb-sgs432,https://api.bcb.gov.br/dados/serie/bcdata.sgs.432/dados?formato=json,,59c6949350fb38008d952ac1510c310429ae0f266d9f4524660a0ba9ff53155a,"From 17 Mar 2005 the BCB selic target was 19.25%, up 50 bps from 18.75%."
BR,Brazil,Banco Central do Brasil,Selic target,2005-04-21,point,19.5,1950,19.5,19.5,19.25,25,hike,br-selic-target,policy,official,br-bcb-sgs432,https://api.bcb.gov.br/dados/serie/bcdata.sgs.432/dados?formato=json,,59c6949350fb38008d952ac1510c310429ae0f266d9f4524660a0ba9ff53155a,"From 21 Apr 2005 the BCB selic target was 19.50%, up 25 bps from 19.25%."
BR,Brazil,Banco Central do Brasil,Selic target,2005-05-19,point,19.75,1975,19.75,19.75,19.5,25,hike,br-selic-target,policy,official,br-bcb-sgs432,https://api.bcb.gov.br/dados/serie/bcdata.sgs.432/dados?formato=json,,59c6949350fb38008d952ac1510c310429ae0f266d9f4524660a0ba9ff53155a,"From 19 May 2005 the BCB selic target was 19.75%, up 25 bps from 19.50%."
BR,Brazil,Banco Central do Brasil,Selic target,2005-09-15,point,19.5,1950,19.5,19.5,19.75,-25,cut,br-selic-target,policy,official,br-bcb-sgs432,https://api.bcb.gov.br/dados/serie/bcdata.sgs.432/dados?formato=json,,59c6949350fb38008d952ac1510c310429ae0f266d9f4524660a0ba9ff53155a,"From 15 Sept 2005 the BCB selic target was 19.50%, down 25 bps from 19.75%."
BR,Brazil,Banco Central do Brasil,Selic target,2005-10-20,point,19.0,1900,19.0,19.0,19.5,-50,cut,br-selic-target,policy,official,br-bcb-sgs432,https://api.bcb.gov.br/dados/serie/bcdata.sgs.432/dados?formato=json,,59c6949350fb38008d952ac1510c310429ae0f266d9f4524660a0ba9ff53155a,"From 20 Oct 2005 the BCB selic target was 19.00%, down 50 bps from 19.50%."
BR,Brazil,Banco Central do Brasil,Selic target,2005-11-24,point,18.5,1850,18.5,18.5,19.0,-50,cut,br-selic-target,policy,official,br-bcb-sgs432,https://api.bcb.gov.br/dados/serie/bcdata.sgs.432/dados?formato=json,,59c6949350fb38008d952ac1510c310429ae0f266d9f4524660a0ba9ff53155a,"From 24 Nov 2005 the BCB selic target was 18.50%, down 50 bps from 19.00%."
BR,Brazil,Banco Central do Brasil,Selic target,2005-12-15,point,18.0,1800,18.0,18.0,18.5,-50,cut,br-selic-target,policy,official,br-bcb-sgs432,https://api.bcb.gov.br/dados/serie/bcdata.sgs.432/dados?formato=json,,59c6949350fb38008d952ac1510c310429ae0f266d9f4524660a0ba9ff53155a,"From 15 Dec 2005 the BCB selic target was 18.00%, down 50 bps from 18.50%."
BR,Brazil,Banco Central do Brasil,Selic target,2006-01-19,point,17.25,1725,17.25,17.25,18.0,-75,cut,br-selic-target,policy,official,br-bcb-sgs432,https://api.bcb.gov.br/dados/serie/bcdata.sgs.432/dados?formato=json,,59c6949350fb38008d952ac1510c310429ae0f266d9f4524660a0ba9ff53155a,"From 19 Jan 2006 the BCB selic target was 17.25%, down 75 bps from 18.00%."
BR,Brazil,Banco Central do Brasil,Selic target,2006-03-09,point,16.5,1650,16.5,16.5,17.25,-75,cut,br-selic-target,policy,official,br-bcb-sgs432,https://api.bcb.gov.br/dados/serie/bcdata.sgs.432/dados?formato=json,,59c6949350fb38008d952ac1510c310429ae0f266d9f4524660a0ba9ff53155a,"From 9 Mar 2006 the BCB selic target was 16.50%, down 75 bps from 17.25%."
BR,Brazil,Banco Central do Brasil,Selic target,2006-04-20,point,15.75,1575,15.75,15.75,16.5,-75,cut,br-selic-target,policy,official,br-bcb-sgs432,https://api.bcb.gov.br/dados/serie/bcdata.sgs.432/dados?formato=json,,59c6949350fb38008d952ac1510c310429ae0f266d9f4524660a0ba9ff53155a,"From 20 Apr 2006 the BCB selic target was 15.75%, down 75 bps from 16.50%."
BR,Brazil,Banco Central do Brasil,Selic target,2006-06-01,point,15.25,1525,15.25,15.25,15.75,-50,cut,br-selic-target,policy,official,br-bcb-sgs432,https://api.bcb.gov.br/dados/serie/bcdata.sgs.432/dados?formato=json,,59c6949350fb38008d952ac1510c310429ae0f266d9f4524660a0ba9ff53155a,"From 1 Jun 2006 the BCB selic target was 15.25%, down 50 bps from 15.75%."
BR,Brazil,Banco Central do Brasil,Selic target,2006-07-20,point,14.75,1475,14.75,14.75,15.25,-50,cut,br-selic-target,policy,official,br-bcb-sgs432,https://api.bcb.gov.br/dados/serie/bcdata.sgs.432/dados?formato=json,,59c6949350fb38008d952ac1510c310429ae0f266d9f4524660a0ba9ff53155a,"From 20 Jul 2006 the BCB selic target was 14.75%, down 50 bps from 15.25%."
BR,Brazil,Banco Central do Brasil,Selic target,2006-08-31,point,14.25,1425,14.25,14.25,14.75,-50,cut,br-selic-target,policy,official,br-bcb-sgs432,https://api.bcb.gov.br/dados/serie/bcdata.sgs.432/dados?formato=json,,59c6949350fb38008d952ac1510c310429ae0f266d9f4524660a0ba9ff53155a,"From 31 Aug 2006 the BCB selic target was 14.25%, down 50 bps from 14.75%."
BR,Brazil,Banco Central do Brasil,Selic target,2006-10-19,point,13.75,1375,13.75,13.75,14.25,-50,cut,br-selic-target,policy,official,br-bcb-sgs432,https://api.bcb.gov.br/dados/serie/bcdata.sgs.432/dados?formato=json,,59c6949350fb38008d952ac1510c310429ae0f266d9f4524660a0ba9ff53155a,"From 19 Oct 2006 the BCB selic target was 13.75%, down 50 bps from 14.25%."
BR,Brazil,Banco Central do Brasil,Selic target,2006-11-30,point,13.25,1325,13.25,13.25,13.75,-50,cut,br-selic-target,policy,official,br-bcb-sgs432,https://api.bcb.gov.br/dados/serie/bcdata.sgs.432/dados?formato=json,,59c6949350fb38008d952ac1510c310429ae0f266d9f4524660a0ba9ff53155a,"From 30 Nov 2006 the BCB selic target was 13.25%, down 50 bps from 13.75%."
BR,Brazil,Banco Central do Brasil,Selic target,2007-01-25,point,13.0,1300,13.0,13.0,13.25,-25,cut,br-selic-target,policy,official,br-bcb-sgs432,https://api.bcb.gov.br/dados/serie/bcdata.sgs.432/dados?formato=json,,59c6949350fb38008d952ac1510c310429ae0f266d9f4524660a0ba9ff53155a,"From 25 Jan 2007 the BCB selic target was 13.00%, down 25 bps from 13.25%."
BR,Brazil,Banco Central do Brasil,Selic target,2007-03-08,point,12.75,1275,12.75,12.75,13.0,-25,cut,br-selic-target,policy,official,br-bcb-sgs432,https://api.bcb.gov.br/dados/serie/bcdata.sgs.432/dados?formato=json,,59c6949350fb38008d952ac1510c310429ae0f266d9f4524660a0ba9ff53155a,"From 8 Mar 2007 the BCB selic target was 12.75%, down 25 bps from 13.00%."
BR,Brazil,Banco Central do Brasil,Selic target,2007-04-19,point,12.5,1250,12.5,12.5,12.75,-25,cut,br-selic-target,policy,official,br-bcb-sgs432,https://api.bcb.gov.br/dados/serie/bcdata.sgs.432/dados?formato=json,,59c6949350fb38008d952ac1510c310429ae0f266d9f4524660a0ba9ff53155a,"From 19 Apr 2007 the BCB selic target was 12.50%, down 25 bps from 12.75%."
BR,Brazil,Banco Central do Brasil,Selic target,2007-06-08,point,12.0,1200,12.0,12.0,12.5,-50,cut,br-selic-target,policy,official,br-bcb-sgs432,https://api.bcb.gov.br/dados/serie/bcdata.sgs.432/dados?formato=json,,59c6949350fb38008d952ac1510c310429ae0f266d9f4524660a0ba9ff53155a,"From 8 Jun 2007 the BCB selic target was 12.00%, down 50 bps from 12.50%."
BR,Brazil,Banco Central do Brasil,Selic target,2007-07-19,point,11.5,1150,11.5,11.5,12.0,-50,cut,br-selic-target,policy,official,br-bcb-sgs432,https://api.bcb.gov.br/dados/serie/bcdata.sgs.432/dados?formato=json,,59c6949350fb38008d952ac1510c310429ae0f266d9f4524660a0ba9ff53155a,"From 19 Jul 2007 the BCB selic target was 11.50%, down 50 bps from 12.00%."
BR,Brazil,Banco Central do Brasil,Selic target,2007-09-06,point,11.25,1125,11.25,11.25,11.5,-25,cut,br-selic-target,policy,official,br-bcb-sgs432,https://api.bcb.gov.br/dados/serie/bcdata.sgs.432/dados?formato=json,,59c6949350fb38008d952ac1510c310429ae0f266d9f4524660a0ba9ff53155a,"From 6 Sept 2007 the BCB selic target was 11.25%, down 25 bps from 11.50%."
BR,Brazil,Banco Central do Brasil,Selic target,2008-04-17,point,11.75,1175,11.75,11.75,11.25,50,hike,br-selic-target,policy,official,br-bcb-sgs432,https://api.bcb.gov.br/dados/serie/bcdata.sgs.432/dados?formato=json,,59c6949350fb38008d952ac1510c310429ae0f266d9f4524660a0ba9ff53155a,"From 17 Apr 2008 the BCB selic target was 11.75%, up 50 bps from 11.25%."
BR,Brazil,Banco Central do Brasil,Selic target,2008-06-05,point,12.25,1225,12.25,12.25,11.75,50,hike,br-selic-target,policy,official,br-bcb-sgs432,https://api.bcb.gov.br/dados/serie/bcdata.sgs.432/dados?formato=json,,59c6949350fb38008d952ac1510c310429ae0f266d9f4524660a0ba9ff53155a,"From 5 Jun 2008 the BCB selic target was 12.25%, up 50 bps from 11.75%."
BR,Brazil,Banco Central do Brasil,Selic target,2008-07-24,point,13.0,1300,13.0,13.0,12.25,75,hike,br-selic-target,policy,official,br-bcb-sgs432,https://api.bcb.gov.br/dados/serie/bcdata.sgs.432/dados?formato=json,,59c6949350fb38008d952ac1510c310429ae0f266d9f4524660a0ba9ff53155a,"From 24 Jul 2008 the BCB selic target was 13.00%, up 75 bps from 12.25%."
BR,Brazil,Banco Central do Brasil,Selic target,2008-09-11,point,13.75,1375,13.75,13.75,13.0,75,hike,br-selic-target,policy,official,br-bcb-sgs432,https://api.bcb.gov.br/dados/serie/bcdata.sgs.432/dados?formato=json,,59c6949350fb38008d952ac1510c310429ae0f266d9f4524660a0ba9ff53155a,"From 11 Sept 2008 the BCB selic target was 13.75%, up 75 bps from 13.00%."
BR,Brazil,Banco Central do Brasil,Selic target,2009-01-22,point,12.75,1275,12.75,12.75,13.75,-100,cut,br-selic-target,policy,official,br-bcb-sgs432,https://api.bcb.gov.br/dados/serie/bcdata.sgs.432/dados?formato=json,,59c6949350fb38008d952ac1510c310429ae0f266d9f4524660a0ba9ff53155a,"From 22 Jan 2009 the BCB selic target was 12.75%, down 100 bps from 13.75%."
BR,Brazil,Banco Central do Brasil,Selic target,2009-03-12,point,11.25,1125,11.25,11.25,12.75,-150,cut,br-selic-target,policy,official,br-bcb-sgs432,https://api.bcb.gov.br/dados/serie/bcdata.sgs.432/dados?formato=json,,59c6949350fb38008d952ac1510c310429ae0f266d9f4524660a0ba9ff53155a,"From 12 Mar 2009 the BCB selic target was 11.25%, down 150 bps from 12.75%."
BR,Brazil,Banco Central do Brasil,Selic target,2009-04-30,point,10.25,1025,10.25,10.25,11.25,-100,cut,br-selic-target,policy,official,br-bcb-sgs432,https://api.bcb.gov.br/dados/serie/bcdata.sgs.432/dados?formato=json,,59c6949350fb38008d952ac1510c310429ae0f266d9f4524660a0ba9ff53155a,"From 30 Apr 2009 the BCB selic target was 10.25%, down 100 bps from 11.25%."
BR,Brazil,Banco Central do Brasil,Selic target,2009-06-12,point,9.25,925,9.25,9.25,10.25,-100,cut,br-selic-target,policy,official,br-bcb-sgs432,https://api.bcb.gov.br/dados/serie/bcdata.sgs.432/dados?formato=json,,59c6949350fb38008d952ac1510c310429ae0f266d9f4524660a0ba9ff53155a,"From 12 Jun 2009 the BCB selic target was 9.25%, down 100 bps from 10.25%."
BR,Brazil,Banco Central do Brasil,Selic target,2009-07-23,point,8.75,875,8.75,8.75,9.25,-50,cut,br-selic-target,policy,official,br-bcb-sgs432,https://api.bcb.gov.br/dados/serie/bcdata.sgs.432/dados?formato=json,,59c6949350fb38008d952ac1510c310429ae0f266d9f4524660a0ba9ff53155a,"From 23 Jul 2009 the BCB selic target was 8.75%, down 50 bps from 9.25%."
BR,Brazil,Banco Central do Brasil,Selic target,2010-04-29,point,9.5,950,9.5,9.5,8.75,75,hike,br-selic-target,policy,official,br-bcb-sgs432,https://api.bcb.gov.br/dados/serie/bcdata.sgs.432/dados?formato=json,,59c6949350fb38008d952ac1510c310429ae0f266d9f4524660a0ba9ff53155a,"From 29 Apr 2010 the BCB selic target was 9.50%, up 75 bps from 8.75%."
BR,Brazil,Banco Central do Brasil,Selic target,2010-06-10,point,10.25,1025,10.25,10.25,9.5,75,hike,br-selic-target,policy,official,br-bcb-sgs432,https://api.bcb.gov.br/dados/serie/bcdata.sgs.432/dados?formato=json,,59c6949350fb38008d952ac1510c310429ae0f266d9f4524660a0ba9ff53155a,"From 10 Jun 2010 the BCB selic target was 10.25%, up 75 bps from 9.50%."
BR,Brazil,Banco Central do Brasil,Selic target,2010-07-22,point,10.75,1075,10.75,10.75,10.25,50,hike,br-selic-target,policy,official,br-bcb-sgs432,https://api.bcb.gov.br/dados/serie/bcdata.sgs.432/dados?formato=json,,59c6949350fb38008d952ac1510c310429ae0f266d9f4524660a0ba9ff53155a,"From 22 Jul 2010 the BCB selic target was 10.75%, up 50 bps from 10.25%."
BR,Brazil,Banco Central do Brasil,Selic target,2011-01-20,point,11.25,1125,11.25,11.25,10.75,50,hike,br-selic-target,policy,official,br-bcb-sgs432,https://api.bcb.gov.br/dados/serie/bcdata.sgs.432/dados?formato=json,,59c6949350fb38008d952ac1510c310429ae0f266d9f4524660a0ba9ff53155a,"From 20 Jan 2011 the BCB selic target was 11.25%, up 50 bps from 10.75%."
BR,Brazil,Banco Central do Brasil,Selic target,2011-03-03,point,11.75,1175,11.75,11.75,11.25,50,hike,br-selic-target,policy,official,br-bcb-sgs432,https://api.bcb.gov.br/dados/serie/bcdata.sgs.432/dados?formato=json,,59c6949350fb38008d952ac1510c310429ae0f266d9f4524660a0ba9ff53155a,"From 3 Mar 2011 the BCB selic target was 11.75%, up 50 bps from 11.25%."
BR,Brazil,Banco Central do Brasil,Selic target,2011-04-25,point,12.0,1200,12.0,12.0,11.75,25,hike,br-selic-target,policy,official,br-bcb-sgs432,https://api.bcb.gov.br/dados/serie/bcdata.sgs.432/dados?formato=json,,59c6949350fb38008d952ac1510c310429ae0f266d9f4524660a0ba9ff53155a,"From 25 Apr 2011 the BCB selic target was 12.00%, up 25 bps from 11.75%."
BR,Brazil,Banco Central do Brasil,Selic target,2011-06-09,point,12.25,1225,12.25,12.25,12.0,25,hike,br-selic-target,policy,official,br-bcb-sgs432,https://api.bcb.gov.br/dados/serie/bcdata.sgs.432/dados?formato=json,,59c6949350fb38008d952ac1510c310429ae0f266d9f4524660a0ba9ff53155a,"From 9 Jun 2011 the BCB selic target was 12.25%, up 25 bps from 12.00%."
BR,Brazil,Banco Central do Brasil,Selic target,2011-07-21,point,12.5,1250,12.5,12.5,12.25,25,hike,br-selic-target,policy,official,br-bcb-sgs432,https://api.bcb.gov.br/dados/serie/bcdata.sgs.432/dados?formato=json,,59c6949350fb38008d952ac1510c310429ae0f266d9f4524660a0ba9ff53155a,"From 21 Jul 2011 the BCB selic target was 12.50%, up 25 bps from 12.25%."
BR,Brazil,Banco Central do Brasil,Selic target,2011-09-01,point,12.0,1200,12.0,12.0,12.5,-50,cut,br-selic-target,policy,official,br-bcb-sgs432,https://api.bcb.gov.br/dados/serie/bcdata.sgs.432/dados?formato=json,,59c6949350fb38008d952ac1510c310429ae0f266d9f4524660a0ba9ff53155a,"From 1 Sept 2011 the BCB selic target was 12.00%, down 50 bps from 12.50%."
BR,Brazil,Banco Central do Brasil,Selic target,2011-10-20,point,11.5,1150,11.5,11.5,12.0,-50,cut,br-selic-target,policy,official,br-bcb-sgs432,https://api.bcb.gov.br/dados/serie/bcdata.sgs.432/dados?formato=json,,59c6949350fb38008d952ac1510c310429ae0f266d9f4524660a0ba9ff53155a,"From 20 Oct 2011 the BCB selic target was 11.50%, down 50 bps from 12.00%."
BR,Brazil,Banco Central do Brasil,Selic target,2011-12-01,point,11.0,1100,11.0,11.0,11.5,-50,cut,br-selic-target,policy,official,br-bcb-sgs432,https://api.bcb.gov.br/dados/serie/bcdata.sgs.432/dados?formato=json,,59c6949350fb38008d952ac1510c310429ae0f266d9f4524660a0ba9ff53155a,"From 1 Dec 2011 the BCB selic target was 11.00%, down 50 bps from 11.50%."
BR,Brazil,Banco Central do Brasil,Selic target,2012-01-19,point,10.5,1050,10.5,10.5,11.0,-50,cut,br-selic-target,policy,official,br-bcb-sgs432,https://api.bcb.gov.br/dados/serie/bcdata.sgs.432/dados?formato=json,,59c6949350fb38008d952ac1510c310429ae0f266d9f4524660a0ba9ff53155a,"From 19 Jan 2012 the BCB selic target was 10.50%, down 50 bps from 11.00%."
BR,Brazil,Banco Central do Brasil,Selic target,2012-03-08,point,9.75,975,9.75,9.75,10.5,-75,cut,br-selic-target,policy,official,br-bcb-sgs432,https://api.bcb.gov.br/dados/serie/bcdata.sgs.432/dados?formato=json,,59c6949350fb38008d952ac1510c310429ae0f266d9f4524660a0ba9ff53155a,"From 8 Mar 2012 the BCB selic target was 9.75%, down 75 bps from 10.50%."
BR,Brazil,Banco Central do Brasil,Selic target,2012-04-19,point,9.0,900,9.0,9.0,9.75,-75,cut,br-selic-target,policy,official,br-bcb-sgs432,https://api.bcb.gov.br/dados/serie/bcdata.sgs.432/dados?formato=json,,59c6949350fb38008d952ac1510c310429ae0f266d9f4524660a0ba9ff53155a,"From 19 Apr 2012 the BCB selic target was 9.00%, down 75 bps from 9.75%."
BR,Brazil,Banco Central do Brasil,Selic target,2012-05-31,point,8.5,850,8.5,8.5,9.0,-50,cut,br-selic-target,policy,official,br-bcb-sgs432,https://api.bcb.gov.br/dados/serie/bcdata.sgs.432/dados?formato=json,,59c6949350fb38008d952ac1510c310429ae0f266d9f4524660a0ba9ff53155a,"From 31 May 2012 the BCB selic target was 8.50%, down 50 bps from 9.00%."
BR,Brazil,Banco Central do Brasil,Selic target,2012-07-12,point,8.0,800,8.0,8.0,8.5,-50,cut,br-selic-target,policy,official,br-bcb-sgs432,https://api.bcb.gov.br/dados/serie/bcdata.sgs.432/dados?formato=json,,59c6949350fb38008d952ac1510c310429ae0f266d9f4524660a0ba9ff53155a,"From 12 Jul 2012 the BCB selic target was 8.00%, down 50 bps from 8.50%."
BR,Brazil,Banco Central do Brasil,Selic target,2012-08-30,point,7.5,750,7.5,7.5,8.0,-50,cut,br-selic-target,policy,official,br-bcb-sgs432,https://api.bcb.gov.br/dados/serie/bcdata.sgs.432/dados?formato=json,,59c6949350fb38008d952ac1510c310429ae0f266d9f4524660a0ba9ff53155a,"From 30 Aug 2012 the BCB selic target was 7.50%, down 50 bps from 8.00%."
BR,Brazil,Banco Central do Brasil,Selic target,2012-10-11,point,7.25,725,7.25,7.25,7.5,-25,cut,br-selic-target,policy,official,br-bcb-sgs432,https://api.bcb.gov.br/dados/serie/bcdata.sgs.432/dados?formato=json,,59c6949350fb38008d952ac1510c310429ae0f266d9f4524660a0ba9ff53155a,"From 11 Oct 2012 the BCB selic target was 7.25%, down 25 bps from 7.50%."
BR,Brazil,Banco Central do Brasil,Selic target,2013-04-18,point,7.5,750,7.5,7.5,7.25,25,hike,br-selic-target,policy,official,br-bcb-sgs432,https://api.bcb.gov.br/dados/serie/bcdata.sgs.432/dados?formato=json,,59c6949350fb38008d952ac1510c310429ae0f266d9f4524660a0ba9ff53155a,"From 18 Apr 2013 the BCB selic target was 7.50%, up 25 bps from 7.25%."
BR,Brazil,Banco Central do Brasil,Selic target,2013-05-30,point,8.0,800,8.0,8.0,7.5,50,hike,br-selic-target,policy,official,br-bcb-sgs432,https://api.bcb.gov.br/dados/serie/bcdata.sgs.432/dados?formato=json,,59c6949350fb38008d952ac1510c310429ae0f266d9f4524660a0ba9ff53155a,"From 30 May 2013 the BCB selic target was 8.00%, up 50 bps from 7.50%."
BR,Brazil,Banco Central do Brasil,Selic target,2013-07-11,point,8.5,850,8.5,8.5,8.0,50,hike,br-selic-target,policy,official,br-bcb-sgs432,https://api.bcb.gov.br/dados/serie/bcdata.sgs.432/dados?formato=json,,59c6949350fb38008d952ac1510c310429ae0f266d9f4524660a0ba9ff53155a,"From 11 Jul 2013 the BCB selic target was 8.50%, up 50 bps from 8.00%."
BR,Brazil,Banco Central do Brasil,Selic target,2013-08-29,point,9.0,900,9.0,9.0,8.5,50,hike,br-selic-target,policy,official,br-bcb-sgs432,https://api.bcb.gov.br/dados/serie/bcdata.sgs.432/dados?formato=json,,59c6949350fb38008d952ac1510c310429ae0f266d9f4524660a0ba9ff53155a,"From 29 Aug 2013 the BCB selic target was 9.00%, up 50 bps from 8.50%."
BR,Brazil,Banco Central do Brasil,Selic target,2013-10-10,point,9.5,950,9.5,9.5,9.0,50,hike,br-selic-target,policy,official,br-bcb-sgs432,https://api.bcb.gov.br/dados/serie/bcdata.sgs.432/dados?formato=json,,59c6949350fb38008d952ac1510c310429ae0f266d9f4524660a0ba9ff53155a,"From 10 Oct 2013 the BCB selic target was 9.50%, up 50 bps from 9.00%."
BR,Brazil,Banco Central do Brasil,Selic target,2013-11-28,point,10.0,1000,10.0,10.0,9.5,50,hike,br-selic-target,policy,official,br-bcb-sgs432,https://api.bcb.gov.br/dados/serie/bcdata.sgs.432/dados?formato=json,,59c6949350fb38008d952ac1510c310429ae0f266d9f4524660a0ba9ff53155a,"From 28 Nov 2013 the BCB selic target was 10.00%, up 50 bps from 9.50%."
BR,Brazil,Banco Central do Brasil,Selic target,2014-01-16,point,10.5,1050,10.5,10.5,10.0,50,hike,br-selic-target,policy,official,br-bcb-sgs432,https://api.bcb.gov.br/dados/serie/bcdata.sgs.432/dados?formato=json,,59c6949350fb38008d952ac1510c310429ae0f266d9f4524660a0ba9ff53155a,"From 16 Jan 2014 the BCB selic target was 10.50%, up 50 bps from 10.00%."
BR,Brazil,Banco Central do Brasil,Selic target,2014-02-27,point,10.75,1075,10.75,10.75,10.5,25,hike,br-selic-target,policy,official,br-bcb-sgs432,https://api.bcb.gov.br/dados/serie/bcdata.sgs.432/dados?formato=json,,59c6949350fb38008d952ac1510c310429ae0f266d9f4524660a0ba9ff53155a,"From 27 Feb 2014 the BCB selic target was 10.75%, up 25 bps from 10.50%."
BR,Brazil,Banco Central do Brasil,Selic target,2014-04-03,point,11.0,1100,11.0,11.0,10.75,25,hike,br-selic-target,policy,official,br-bcb-sgs432,https://api.bcb.gov.br/dados/serie/bcdata.sgs.432/dados?formato=json,,59c6949350fb38008d952ac1510c310429ae0f266d9f4524660a0ba9ff53155a,"From 3 Apr 2014 the BCB selic target was 11.00%, up 25 bps from 10.75%."
BR,Brazil,Banco Central do Brasil,Selic target,2014-10-30,point,11.25,1125,11.25,11.25,11.0,25,hike,br-selic-target,policy,official,br-bcb-sgs432,https://api.bcb.gov.br/dados/serie/bcdata.sgs.432/dados?formato=json,,59c6949350fb38008d952ac1510c310429ae0f266d9f4524660a0ba9ff53155a,"From 30 Oct 2014 the BCB selic target was 11.25%, up 25 bps from 11.00%."
BR,Brazil,Banco Central do Brasil,Selic target,2014-12-04,point,11.75,1175,11.75,11.75,11.25,50,hike,br-selic-target,policy,official,br-bcb-sgs432,https://api.bcb.gov.br/dados/serie/bcdata.sgs.432/dados?formato=json,,59c6949350fb38008d952ac1510c310429ae0f266d9f4524660a0ba9ff53155a,"From 4 Dec 2014 the BCB selic target was 11.75%, up 50 bps from 11.25%."
BR,Brazil,Banco Central do Brasil,Selic target,2015-01-22,point,12.25,1225,12.25,12.25,11.75,50,hike,br-selic-target,policy,official,br-bcb-sgs432,https://api.bcb.gov.br/dados/serie/bcdata.sgs.432/dados?formato=json,,59c6949350fb38008d952ac1510c310429ae0f266d9f4524660a0ba9ff53155a,"From 22 Jan 2015 the BCB selic target was 12.25%, up 50 bps from 11.75%."
BR,Brazil,Banco Central do Brasil,Selic target,2015-03-05,point,12.75,1275,12.75,12.75,12.25,50,hike,br-selic-target,policy,official,br-bcb-sgs432,https://api.bcb.gov.br/dados/serie/bcdata.sgs.432/dados?formato=json,,59c6949350fb38008d952ac1510c310429ae0f266d9f4524660a0ba9ff53155a,"From 5 Mar 2015 the BCB selic target was 12.75%, up 50 bps from 12.25%."
BR,Brazil,Banco Central do Brasil,Selic target,2015-04-30,point,13.25,1325,13.25,13.25,12.75,50,hike,br-selic-target,policy,official,br-bcb-sgs432,https://api.bcb.gov.br/dados/serie/bcdata.sgs.432/dados?formato=json,,59c6949350fb38008d952ac1510c310429ae0f266d9f4524660a0ba9ff53155a,"From 30 Apr 2015 the BCB selic target was 13.25%, up 50 bps from 12.75%."
BR,Brazil,Banco Central do Brasil,Selic target,2015-06-04,point,13.75,1375,13.75,13.75,13.25,50,hike,br-selic-target,policy,official,br-bcb-sgs432,https://api.bcb.gov.br/dados/serie/bcdata.sgs.432/dados?formato=json,,59c6949350fb38008d952ac1510c310429ae0f266d9f4524660a0ba9ff53155a,"From 4 Jun 2015 the BCB selic target was 13.75%, up 50 bps from 13.25%."
BR,Brazil,Banco Central do Brasil,Selic target,2015-07-30,point,14.25,1425,14.25,14.25,13.75,50,hike,br-selic-target,policy,official,br-bcb-sgs432,https://api.bcb.gov.br/dados/serie/bcdata.sgs.432/dados?formato=json,,59c6949350fb38008d952ac1510c310429ae0f266d9f4524660a0ba9ff53155a,"From 30 Jul 2015 the BCB selic target was 14.25%, up 50 bps from 13.75%."
BR,Brazil,Banco Central do Brasil,Selic target,2016-10-20,point,14.0,1400,14.0,14.0,14.25,-25,cut,br-selic-target,policy,official,br-bcb-sgs432,https://api.bcb.gov.br/dados/serie/bcdata.sgs.432/dados?formato=json,,59c6949350fb38008d952ac1510c310429ae0f266d9f4524660a0ba9ff53155a,"From 20 Oct 2016 the BCB selic target was 14.00%, down 25 bps from 14.25%."
BR,Brazil,Banco Central do Brasil,Selic target,2016-12-01,point,13.75,1375,13.75,13.75,14.0,-25,cut,br-selic-target,policy,official,br-bcb-sgs432,https://api.bcb.gov.br/dados/serie/bcdata.sgs.432/dados?formato=json,,59c6949350fb38008d952ac1510c310429ae0f266d9f4524660a0ba9ff53155a,"From 1 Dec 2016 the BCB selic target was 13.75%, down 25 bps from 14.00%."
BR,Brazil,Banco Central do Brasil,Selic target,2017-01-12,point,13.0,1300,13.0,13.0,13.75,-75,cut,br-selic-target,policy,official,br-bcb-sgs432,https://api.bcb.gov.br/dados/serie/bcdata.sgs.432/dados?formato=json,,59c6949350fb38008d952ac1510c310429ae0f266d9f4524660a0ba9ff53155a,"From 12 Jan 2017 the BCB selic target was 13.00%, down 75 bps from 13.75%."
BR,Brazil,Banco Central do Brasil,Selic target,2017-02-23,point,12.25,1225,12.25,12.25,13.0,-75,cut,br-selic-target,policy,official,br-bcb-sgs432,https://api.bcb.gov.br/dados/serie/bcdata.sgs.432/dados?formato=json,,59c6949350fb38008d952ac1510c310429ae0f266d9f4524660a0ba9ff53155a,"From 23 Feb 2017 the BCB selic target was 12.25%, down 75 bps from 13.00%."
BR,Brazil,Banco Central do Brasil,Selic target,2017-04-13,point,11.25,1125,11.25,11.25,12.25,-100,cut,br-selic-target,policy,official,br-bcb-sgs432,https://api.bcb.gov.br/dados/serie/bcdata.sgs.432/dados?formato=json,,59c6949350fb38008d952ac1510c310429ae0f266d9f4524660a0ba9ff53155a,"From 13 Apr 2017 the BCB selic target was 11.25%, down 100 bps from 12.25%."
BR,Brazil,Banco Central do Brasil,Selic target,2017-06-01,point,10.25,1025,10.25,10.25,11.25,-100,cut,br-selic-target,policy,official,br-bcb-sgs432,https://api.bcb.gov.br/dados/serie/bcdata.sgs.432/dados?formato=json,,59c6949350fb38008d952ac1510c310429ae0f266d9f4524660a0ba9ff53155a,"From 1 Jun 2017 the BCB selic target was 10.25%, down 100 bps from 11.25%."
BR,Brazil,Banco Central do Brasil,Selic target,2017-07-27,point,9.25,925,9.25,9.25,10.25,-100,cut,br-selic-target,policy,official,br-bcb-sgs432,https://api.bcb.gov.br/dados/serie/bcdata.sgs.432/dados?formato=json,,59c6949350fb38008d952ac1510c310429ae0f266d9f4524660a0ba9ff53155a,"From 27 Jul 2017 the BCB selic target was 9.25%, down 100 bps from 10.25%."
BR,Brazil,Banco Central do Brasil,Selic target,2017-09-08,point,8.25,825,8.25,8.25,9.25,-100,cut,br-selic-target,policy,official,br-bcb-sgs432,https://api.bcb.gov.br/dados/serie/bcdata.sgs.432/dados?formato=json,,59c6949350fb38008d952ac1510c310429ae0f266d9f4524660a0ba9ff53155a,"From 8 Sept 2017 the BCB selic target was 8.25%, down 100 bps from 9.25%."
BR,Brazil,Banco Central do Brasil,Selic target,2017-10-26,point,7.5,750,7.5,7.5,8.25,-75,cut,br-selic-target,policy,official,br-bcb-sgs432,https://api.bcb.gov.br/dados/serie/bcdata.sgs.432/dados?formato=json,,59c6949350fb38008d952ac1510c310429ae0f266d9f4524660a0ba9ff53155a,"From 26 Oct 2017 the BCB selic target was 7.50%, down 75 bps from 8.25%."
BR,Brazil,Banco Central do Brasil,Selic target,2017-12-07,point,7.0,700,7.0,7.0,7.5,-50,cut,br-selic-target,policy,official,br-bcb-sgs432,https://api.bcb.gov.br/dados/serie/bcdata.sgs.432/dados?formato=json,,59c6949350fb38008d952ac1510c310429ae0f266d9f4524660a0ba9ff53155a,"From 7 Dec 2017 the BCB selic target was 7.00%, down 50 bps from 7.50%."
BR,Brazil,Banco Central do Brasil,Selic target,2018-02-08,point,6.75,675,6.75,6.75,7.0,-25,cut,br-selic-target,policy,official,br-bcb-sgs432,https://api.bcb.gov.br/dados/serie/bcdata.sgs.432/dados?formato=json,,59c6949350fb38008d952ac1510c310429ae0f266d9f4524660a0ba9ff53155a,"From 8 Feb 2018 the BCB selic target was 6.75%, down 25 bps from 7.00%."
BR,Brazil,Banco Central do Brasil,Selic target,2018-03-22,point,6.5,650,6.5,6.5,6.75,-25,cut,br-selic-target,policy,official,br-bcb-sgs432,https://api.bcb.gov.br/dados/serie/bcdata.sgs.432/dados?formato=json,,59c6949350fb38008d952ac1510c310429ae0f266d9f4524660a0ba9ff53155a,"From 22 Mar 2018 the BCB selic target was 6.50%, down 25 bps from 6.75%."
BR,Brazil,Banco Central do Brasil,Selic target,2019-08-01,point,6.0,600,6.0,6.0,6.5,-50,cut,br-selic-target,policy,official,br-bcb-sgs432,https://api.bcb.gov.br/dados/serie/bcdata.sgs.432/dados?formato=json,,59c6949350fb38008d952ac1510c310429ae0f266d9f4524660a0ba9ff53155a,"From 1 Aug 2019 the BCB selic target was 6.00%, down 50 bps from 6.50%."
BR,Brazil,Banco Central do Brasil,Selic target,2019-09-19,point,5.5,550,5.5,5.5,6.0,-50,cut,br-selic-target,policy,official,br-bcb-sgs432,https://api.bcb.gov.br/dados/serie/bcdata.sgs.432/dados?formato=json,,59c6949350fb38008d952ac1510c310429ae0f266d9f4524660a0ba9ff53155a,"From 19 Sept 2019 the BCB selic target was 5.50%, down 50 bps from 6.00%."
BR,Brazil,Banco Central do Brasil,Selic target,2019-10-31,point,5.0,500,5.0,5.0,5.5,-50,cut,br-selic-target,policy,official,br-bcb-sgs432,https://api.bcb.gov.br/dados/serie/bcdata.sgs.432/dados?formato=json,,59c6949350fb38008d952ac1510c310429ae0f266d9f4524660a0ba9ff53155a,"From 31 Oct 2019 the BCB selic target was 5.00%, down 50 bps from 5.50%."
BR,Brazil,Banco Central do Brasil,Selic target,2019-12-12,point,4.5,450,4.5,4.5,5.0,-50,cut,br-selic-target,policy,official,br-bcb-sgs432,https://api.bcb.gov.br/dados/serie/bcdata.sgs.432/dados?formato=json,,59c6949350fb38008d952ac1510c310429ae0f266d9f4524660a0ba9ff53155a,"From 12 Dec 2019 the BCB selic target was 4.50%, down 50 bps from 5.00%."
BR,Brazil,Banco Central do Brasil,Selic target,2020-02-06,point,4.25,425,4.25,4.25,4.5,-25,cut,br-selic-target,policy,official,br-bcb-sgs432,https://api.bcb.gov.br/dados/serie/bcdata.sgs.432/dados?formato=json,,59c6949350fb38008d952ac1510c310429ae0f266d9f4524660a0ba9ff53155a,"From 6 Feb 2020 the BCB selic target was 4.25%, down 25 bps from 4.50%."
BR,Brazil,Banco Central do Brasil,Selic target,2020-03-19,point,3.75,375,3.75,3.75,4.25,-50,cut,br-selic-target,policy,official,br-bcb-sgs432,https://api.bcb.gov.br/dados/serie/bcdata.sgs.432/dados?formato=json,,59c6949350fb38008d952ac1510c310429ae0f266d9f4524660a0ba9ff53155a,"From 19 Mar 2020 the BCB selic target was 3.75%, down 50 bps from 4.25%."
BR,Brazil,Banco Central do Brasil,Selic target,2020-05-07,point,3.0,300,3.0,3.0,3.75,-75,cut,br-selic-target,policy,official,br-bcb-sgs432,https://api.bcb.gov.br/dados/serie/bcdata.sgs.432/dados?formato=json,,59c6949350fb38008d952ac1510c310429ae0f266d9f4524660a0ba9ff53155a,"From 7 May 2020 the BCB selic target was 3.00%, down 75 bps from 3.75%."
BR,Brazil,Banco Central do Brasil,Selic target,2020-06-18,point,2.25,225,2.25,2.25,3.0,-75,cut,br-selic-target,policy,official,br-bcb-sgs432,https://api.bcb.gov.br/dados/serie/bcdata.sgs.432/dados?formato=json,,59c6949350fb38008d952ac1510c310429ae0f266d9f4524660a0ba9ff53155a,"From 18 Jun 2020 the BCB selic target was 2.25%, down 75 bps from 3.00%."
BR,Brazil,Banco Central do Brasil,Selic target,2020-08-06,point,2.0,200,2.0,2.0,2.25,-25,cut,br-selic-target,policy,official,br-bcb-sgs432,https://api.bcb.gov.br/dados/serie/bcdata.sgs.432/dados?formato=json,,59c6949350fb38008d952ac1510c310429ae0f266d9f4524660a0ba9ff53155a,"From 6 Aug 2020 the BCB selic target was 2.00%, down 25 bps from 2.25%."
BR,Brazil,Banco Central do Brasil,Selic target,2021-03-18,point,2.75,275,2.75,2.75,2.0,75,hike,br-selic-target,policy,official,br-bcb-sgs432,https://api.bcb.gov.br/dados/serie/bcdata.sgs.432/dados?formato=json,,59c6949350fb38008d952ac1510c310429ae0f266d9f4524660a0ba9ff53155a,"From 18 Mar 2021 the BCB selic target was 2.75%, up 75 bps from 2.00%."
BR,Brazil,Banco Central do Brasil,Selic target,2021-05-06,point,3.5,350,3.5,3.5,2.75,75,hike,br-selic-target,policy,official,br-bcb-sgs432,https://api.bcb.gov.br/dados/serie/bcdata.sgs.432/dados?formato=json,,59c6949350fb38008d952ac1510c310429ae0f266d9f4524660a0ba9ff53155a,"From 6 May 2021 the BCB selic target was 3.50%, up 75 bps from 2.75%."
BR,Brazil,Banco Central do Brasil,Selic target,2021-06-17,point,4.25,425,4.25,4.25,3.5,75,hike,br-selic-target,policy,official,br-bcb-sgs432,https://api.bcb.gov.br/dados/serie/bcdata.sgs.432/dados?formato=json,,59c6949350fb38008d952ac1510c310429ae0f266d9f4524660a0ba9ff53155a,"From 17 Jun 2021 the BCB selic target was 4.25%, up 75 bps from 3.50%."
BR,Brazil,Banco Central do Brasil,Selic target,2021-08-05,point,5.25,525,5.25,5.25,4.25,100,hike,br-selic-target,policy,official,br-bcb-sgs432,https://api.bcb.gov.br/dados/serie/bcdata.sgs.432/dados?formato=json,,59c6949350fb38008d952ac1510c310429ae0f266d9f4524660a0ba9ff53155a,"From 5 Aug 2021 the BCB selic target was 5.25%, up 100 bps from 4.25%."
BR,Brazil,Banco Central do Brasil,Selic target,2021-09-23,point,6.25,625,6.25,6.25,5.25,100,hike,br-selic-target,policy,official,br-bcb-sgs432,https://api.bcb.gov.br/dados/serie/bcdata.sgs.432/dados?formato=json,,59c6949350fb38008d952ac1510c310429ae0f266d9f4524660a0ba9ff53155a,"From 23 Sept 2021 the BCB selic target was 6.25%, up 100 bps from 5.25%."
BR,Brazil,Banco Central do Brasil,Selic target,2021-10-28,point,7.75,775,7.75,7.75,6.25,150,hike,br-selic-target,policy,official,br-bcb-sgs432,https://api.bcb.gov.br/dados/serie/bcdata.sgs.432/dados?formato=json,,59c6949350fb38008d952ac1510c310429ae0f266d9f4524660a0ba9ff53155a,"From 28 Oct 2021 the BCB selic target was 7.75%, up 150 bps from 6.25%."
BR,Brazil,Banco Central do Brasil,Selic target,2021-12-09,point,9.25,925,9.25,9.25,7.75,150,hike,br-selic-target,policy,official,br-bcb-sgs432,https://api.bcb.gov.br/dados/serie/bcdata.sgs.432/dados?formato=json,,59c6949350fb38008d952ac1510c310429ae0f266d9f4524660a0ba9ff53155a,"From 9 Dec 2021 the BCB selic target was 9.25%, up 150 bps from 7.75%."
BR,Brazil,Banco Central do Brasil,Selic target,2022-02-03,point,10.75,1075,10.75,10.75,9.25,150,hike,br-selic-target,policy,official,br-bcb-sgs432,https://api.bcb.gov.br/dados/serie/bcdata.sgs.432/dados?formato=json,,59c6949350fb38008d952ac1510c310429ae0f266d9f4524660a0ba9ff53155a,"From 3 Feb 2022 the BCB selic target was 10.75%, up 150 bps from 9.25%."
BR,Brazil,Banco Central do Brasil,Selic target,2022-03-17,point,11.75,1175,11.75,11.75,10.75,100,hike,br-selic-target,policy,official,br-bcb-sgs432,https://api.bcb.gov.br/dados/serie/bcdata.sgs.432/dados?formato=json,,59c6949350fb38008d952ac1510c310429ae0f266d9f4524660a0ba9ff53155a,"From 17 Mar 2022 the BCB selic target was 11.75%, up 100 bps from 10.75%."
BR,Brazil,Banco Central do Brasil,Selic target,2022-05-05,point,12.75,1275,12.75,12.75,11.75,100,hike,br-selic-target,policy,official,br-bcb-sgs432,https://api.bcb.gov.br/dados/serie/bcdata.sgs.432/dados?formato=json,,59c6949350fb38008d952ac1510c310429ae0f266d9f4524660a0ba9ff53155a,"From 5 May 2022 the BCB selic target was 12.75%, up 100 bps from 11.75%."
BR,Brazil,Banco Central do Brasil,Selic target,2022-06-16,point,13.25,1325,13.25,13.25,12.75,50,hike,br-selic-target,policy,official,br-bcb-sgs432,https://api.bcb.gov.br/dados/serie/bcdata.sgs.432/dados?formato=json,,59c6949350fb38008d952ac1510c310429ae0f266d9f4524660a0ba9ff53155a,"From 16 Jun 2022 the BCB selic target was 13.25%, up 50 bps from 12.75%."
BR,Brazil,Banco Central do Brasil,Selic target,2022-08-04,point,13.75,1375,13.75,13.75,13.25,50,hike,br-selic-target,policy,official,br-bcb-sgs432,https://api.bcb.gov.br/dados/serie/bcdata.sgs.432/dados?formato=json,,59c6949350fb38008d952ac1510c310429ae0f266d9f4524660a0ba9ff53155a,"From 4 Aug 2022 the BCB selic target was 13.75%, up 50 bps from 13.25%."
BR,Brazil,Banco Central do Brasil,Selic target,2023-08-03,point,13.25,1325,13.25,13.25,13.75,-50,cut,br-selic-target,policy,official,br-bcb-sgs432,https://api.bcb.gov.br/dados/serie/bcdata.sgs.432/dados?formato=json,,59c6949350fb38008d952ac1510c310429ae0f266d9f4524660a0ba9ff53155a,"From 3 Aug 2023 the BCB selic target was 13.25%, down 50 bps from 13.75%."
BR,Brazil,Banco Central do Brasil,Selic target,2023-09-21,point,12.75,1275,12.75,12.75,13.25,-50,cut,br-selic-target,policy,official,br-bcb-sgs432,https://api.bcb.gov.br/dados/serie/bcdata.sgs.432/dados?formato=json,,59c6949350fb38008d952ac1510c310429ae0f266d9f4524660a0ba9ff53155a,"From 21 Sept 2023 the BCB selic target was 12.75%, down 50 bps from 13.25%."
BR,Brazil,Banco Central do Brasil,Selic target,2023-11-02,point,12.25,1225,12.25,12.25,12.75,-50,cut,br-selic-target,policy,official,br-bcb-sgs432,https://api.bcb.gov.br/dados/serie/bcdata.sgs.432/dados?formato=json,,59c6949350fb38008d952ac1510c310429ae0f266d9f4524660a0ba9ff53155a,"From 2 Nov 2023 the BCB selic target was 12.25%, down 50 bps from 12.75%."
BR,Brazil,Banco Central do Brasil,Selic target,2023-12-14,point,11.75,1175,11.75,11.75,12.25,-50,cut,br-selic-target,policy,official,br-bcb-sgs432,https://api.bcb.gov.br/dados/serie/bcdata.sgs.432/dados?formato=json,,59c6949350fb38008d952ac1510c310429ae0f266d9f4524660a0ba9ff53155a,"From 14 Dec 2023 the BCB selic target was 11.75%, down 50 bps from 12.25%."
BR,Brazil,Banco Central do Brasil,Selic target,2024-02-01,point,11.25,1125,11.25,11.25,11.75,-50,cut,br-selic-target,policy,official,br-bcb-sgs432,https://api.bcb.gov.br/dados/serie/bcdata.sgs.432/dados?formato=json,,59c6949350fb38008d952ac1510c310429ae0f266d9f4524660a0ba9ff53155a,"From 1 Feb 2024 the BCB selic target was 11.25%, down 50 bps from 11.75%."
BR,Brazil,Banco Central do Brasil,Selic target,2024-03-21,point,10.75,1075,10.75,10.75,11.25,-50,cut,br-selic-target,policy,official,br-bcb-sgs432,https://api.bcb.gov.br/dados/serie/bcdata.sgs.432/dados?formato=json,,59c6949350fb38008d952ac1510c310429ae0f266d9f4524660a0ba9ff53155a,"From 21 Mar 2024 the BCB selic target was 10.75%, down 50 bps from 11.25%."
BR,Brazil,Banco Central do Brasil,Selic target,2024-05-09,point,10.5,1050,10.5,10.5,10.75,-25,cut,br-selic-target,policy,official,br-bcb-sgs432,https://api.bcb.gov.br/dados/serie/bcdata.sgs.432/dados?formato=json,,59c6949350fb38008d952ac1510c310429ae0f266d9f4524660a0ba9ff53155a,"From 9 May 2024 the BCB selic target was 10.50%, down 25 bps from 10.75%."
BR,Brazil,Banco Central do Brasil,Selic target,2024-09-19,point,10.75,1075,10.75,10.75,10.5,25,hike,br-selic-target,policy,official,br-bcb-sgs432,https://api.bcb.gov.br/dados/serie/bcdata.sgs.432/dados?formato=json,,59c6949350fb38008d952ac1510c310429ae0f266d9f4524660a0ba9ff53155a,"From 19 Sept 2024 the BCB selic target was 10.75%, up 25 bps from 10.50%."
BR,Brazil,Banco Central do Brasil,Selic target,2024-11-07,point,11.25,1125,11.25,11.25,10.75,50,hike,br-selic-target,policy,official,br-bcb-sgs432,https://api.bcb.gov.br/dados/serie/bcdata.sgs.432/dados?formato=json,,59c6949350fb38008d952ac1510c310429ae0f266d9f4524660a0ba9ff53155a,"From 7 Nov 2024 the BCB selic target was 11.25%, up 50 bps from 10.75%."
BR,Brazil,Banco Central do Brasil,Selic target,2024-12-12,point,12.25,1225,12.25,12.25,11.25,100,hike,br-selic-target,policy,official,br-bcb-sgs432,https://api.bcb.gov.br/dados/serie/bcdata.sgs.432/dados?formato=json,,59c6949350fb38008d952ac1510c310429ae0f266d9f4524660a0ba9ff53155a,"From 12 Dec 2024 the BCB selic target was 12.25%, up 100 bps from 11.25%."
BR,Brazil,Banco Central do Brasil,Selic target,2025-01-30,point,13.25,1325,13.25,13.25,12.25,100,hike,br-selic-target,policy,official,br-bcb-sgs432,https://api.bcb.gov.br/dados/serie/bcdata.sgs.432/dados?formato=json,,59c6949350fb38008d952ac1510c310429ae0f266d9f4524660a0ba9ff53155a,"From 30 Jan 2025 the BCB selic target was 13.25%, up 100 bps from 12.25%."
BR,Brazil,Banco Central do Brasil,Selic target,2025-03-20,point,14.25,1425,14.25,14.25,13.25,100,hike,br-selic-target,policy,official,br-bcb-sgs432,https://api.bcb.gov.br/dados/serie/bcdata.sgs.432/dados?formato=json,,59c6949350fb38008d952ac1510c310429ae0f266d9f4524660a0ba9ff53155a,"From 20 Mar 2025 the BCB selic target was 14.25%, up 100 bps from 13.25%."
BR,Brazil,Banco Central do Brasil,Selic target,2025-05-08,point,14.75,1475,14.75,14.75,14.25,50,hike,br-selic-target,policy,official,br-bcb-sgs432,https://api.bcb.gov.br/dados/serie/bcdata.sgs.432/dados?formato=json,,59c6949350fb38008d952ac1510c310429ae0f266d9f4524660a0ba9ff53155a,"From 8 May 2025 the BCB selic target was 14.75%, up 50 bps from 14.25%."
BR,Brazil,Banco Central do Brasil,Selic target,2025-06-19,point,15.0,1500,15.0,15.0,14.75,25,hike,br-selic-target,policy,official,br-bcb-sgs432,https://api.bcb.gov.br/dados/serie/bcdata.sgs.432/dados?formato=json,,59c6949350fb38008d952ac1510c310429ae0f266d9f4524660a0ba9ff53155a,"From 19 Jun 2025 the BCB selic target was 15.00%, up 25 bps from 14.75%."
BR,Brazil,Banco Central do Brasil,Selic target,2026-03-19,point,14.75,1475,14.75,14.75,15.0,-25,cut,br-selic-target,policy,official,br-bcb-sgs432,https://api.bcb.gov.br/dados/serie/bcdata.sgs.432/dados?formato=json,,59c6949350fb38008d952ac1510c310429ae0f266d9f4524660a0ba9ff53155a,"From 19 Mar 2026 the BCB selic target was 14.75%, down 25 bps from 15.00%."
BR,Brazil,Banco Central do Brasil,Selic target,2026-04-30,point,14.5,1450,14.5,14.5,14.75,-25,cut,br-selic-target,policy,official,br-bcb-sgs432,https://api.bcb.gov.br/dados/serie/bcdata.sgs.432/dados?formato=json,,59c6949350fb38008d952ac1510c310429ae0f266d9f4524660a0ba9ff53155a,"From 30 Apr 2026 the BCB selic target was 14.50%, down 25 bps from 14.75%."
BR,Brazil,Banco Central do Brasil,Selic target,2026-06-18,point,14.25,1425,14.25,14.25,14.5,-25,cut,br-selic-target,policy,official,br-bcb-sgs432,https://api.bcb.gov.br/dados/serie/bcdata.sgs.432/dados?formato=json,,59c6949350fb38008d952ac1510c310429ae0f266d9f4524660a0ba9ff53155a,"From 18 Jun 2026 the BCB selic target was 14.25%, down 25 bps from 14.50%."
BR,Brazil,Banco Central do Brasil,Selic target,2026-08-06,point,14.0,1400,14.0,14.0,14.25,-25,cut,br-selic-target,policy,official,br-bcb-sgs432,https://api.bcb.gov.br/dados/serie/bcdata.sgs.432/dados?formato=json,,59c6949350fb38008d952ac1510c310429ae0f266d9f4524660a0ba9ff53155a,"From 6 Aug 2026 the BCB selic target was 14.00%, down 25 bps from 14.25%."
BR,Brazil,Banco Central do Brasil,Selic target,2026-09-17,point,13.75,1375,13.75,13.75,14.0,-25,cut,br-selic-target,policy,official,br-bcb-sgs432,https://api.bcb.gov.br/dados/serie/bcdata.sgs.432/dados?formato=json,,59c6949350fb38008d952ac1510c310429ae0f266d9f4524660a0ba9ff53155a,"From 17 Sept 2026 the BCB selic target was 13.75%, down 25 bps from 14.00%."
